lineage,mutated_sites_RBD
nan,D405N/D614G/D796Y/G142D/H655Y/K417N/N679K/N764K/N969K/P681H/Q954H/R408S/S371F/S373P/S375F/T19I/T376A
AY.101,D614G/D950N/G142D/L452R/P681R/T19R/T478K/T678I/T95I
AY.122,D614G/D950N/L452R/P681R/T19R/T208M/T478K
AY.3,D614G/D950N/L452R/P681R/S640F/T19R/T478K
AY.43,D614G/D950N/L452R/P681R/T19R/T478K
AY.46.3,D614G/D950N/F490S/L452R/P681R/T19R/T478K
AY.99.1,D614G/D950N/L452R/P681R/T19R/T478K
AY.99.2,D614G/D950N/L452R/P681R/T19R/T478K
B,
B.1,A67V/R214REPE/T95I
B.1.1,D614G/D936N/E180K/G142D/L945F/N440K/P681H/S982A/T478K/V1176F
B.1.1.117,A688V/D614G
B.1.1.28,D614G/V1176F
B.1.1.33,D614G
B.1.1.529,D614G/D796Y/H655Y/N679K/N969K/P681H/Q954H
B.1.617.2,
BA.1,A67V/D614G/D796Y/E484A/G339D/H655Y/L981F/N679K/N764K/N856K/N969K/P681H/Q493R/Q954H/S375F/S477N/T478K/T547K/T95I
BA.1.1,A67V/D614G/D796Y/E484A/G339D/G496S/H655Y/L981F/N501Y/N679K/N764K/N856K/N969K/P681H/Q493R/Q498R/Q954H/R346K/S371L/S373P/S375F/S477N/T478K/T547K/T95I/Y505H
BA.1.1.1,A67V/D614G/D796Y/E484A/G339D/G496S/H655Y/L981F/N501Y/N679K/N764K/N856K/N969K/P681H/Q493R/Q498R/Q954H/R346K/S477N/T478K/T547K/T95I/Y505H
BA.1.1.10,A67V/D614G/D796Y/G339D/H655Y/L981F/N679K/N856K/N969K/P681H/Q954H/R346K/T547K/T95I
BA.1.1.14,A67V/D614G/D796Y/E484A/G339D/G496S/H655Y/L981F/N501Y/N679K/N764K/N856K/N969K/P681H/Q493R/Q498R/Q954H/R214REPE/R346K/S375F/S477N/T478K/T547K/T95I/Y505H
BA.1.1.15,A67V/D614G/D796Y/E484A/G339D/G446S/G496S/H655Y/L981F/N440K/N501Y/N679K/N764K/N856K/N969K/P681H/Q493R/Q498R/Q954H/S371L/S373P/S375F/S477N/T478K/T547K/T95I/Y505H
BA.1.1.16,A67V/D614G/D796Y/E484A/G339D/G446S/G496S/H655Y/K417N/L981F/N501Y/N679K/N764K/N856K/N969K/P681H/Q493R/Q498R/Q954H/R214REPE/R346K/S371L/S373P/S375F/S477N/T478K/T547K/T95I/Y505H
BA.1.1.18,A67V/D614G/D796Y/E484A/G339D/G446S/G496S/H655Y/L981F/N501Y/N679K/N764K/N856K/N969K/P681H/Q493R/Q498R/Q954H/R346K/S477N/T478K/T547K/T95I/Y505H
BA.1.1.2,A67V/D614G/D796Y/E484A/G339D/G446S/G496S/H655Y/K417N/L981F/N440K/N501Y/N679K/N764K/N856K/N969K/P681H/Q493R/Q498R/Q954H/R214REPE/R346K/S371L/S373P/S375F/S477N/T478K/T547K/T95I/Y505H
BA.1.1.7,A67V/D614G/D796Y/E484A/G339D/G446S/G496S/H655Y/K417N/L981F/N501Y/N679K/N764K/N856K/N969K/P681H/Q493R/Q498R/Q954H/R346K/S371L/S373P/S375F/S477N/T478K/T547K/T95I/Y505H
BA.1.10,A67V/D796Y/L981F/N679K/N764K/N856K/N969K/P681H/Q954H/T95I
BA.1.13,A67V/D614G/D796Y/G339D/H655Y/L981F/N679K/N764K/N856K/N969K/P681H/Q954H/T547K/T95I
BA.1.13.1,A67V/D614G/D796Y/G339D/G446S/H655Y/K417N/L981F/N440K/N679K/N764K/N856K/N969K/P681H/Q954H/R214REPE/S371L/S373P/S375F/T547K/T95I
BA.1.14,A67V/D614G/D796Y/G339D/H655Y/L981F/N679K/N764K/N856K/N969K/P681H/Q954H/T547K/T95I
BA.1.14.1,A67V/D614G/D796Y/E484A/G339D/G496S/H655Y/L981F/N501Y/N679K/N764K/N856K/N969K/P681H/Q493R/Q498R/Q954H/S477N/T478K/T547K/T95I/Y505H
BA.1.14.2,A67V/D614G/D796Y/G339D/H655Y/L981F/N679K/N764K/N856K/N969K/P681H/Q954H/S373P/S375F/T547K/T95I
BA.1.15,A67V/D614G/D796Y/G339D/H655Y/L981F/N679K/N764K/N856K/N969K/P681H/Q954H/T547K/T95I
BA.1.15.1,A67V/D614G/D796Y/E484A/G339D/G446S/G496S/H655Y/I1081V/K417N/L981F/N440K/N501Y/N679K/N764K/N856K/N969K/P681H/Q493R/Q498R/Q954H/R214REPE/S371L/S373P/S375F/S477N/T478K/T547K/T95I/Y505H
BA.1.15.2,A67V/D614G/D796Y/E484A/G339D/G496S/H655Y/L981F/N501Y/N679K/N856K/N969K/P681H/Q498R/Q628K/Q954H/R214REPE/S371L/S373P/S375F/S477N/T478K/T547K/T95I/Y505H
BA.1.16,D614G/D796Y/E484A/G339D/G446S/G496S/H655Y/K417N/L981F/N440K/N501Y/N764K/N856K/N969K/Q493R/Q498R/Q954H/R214REPE/S371L/S373P/S375F/S477N/T478K/T547K/Y505H
BA.1.17,A67V/D614G/D796Y/G339D/H655Y/L981F/N679K/N764K/N856K/N969K/P681H/Q954H/T547K/T95I
BA.1.17.2,A67V/A701V/D614G/D796Y/G339D/H655Y/L981F/N679K/N764K/N856K/N969K/P681H/Q954H/T547K/T95I
BA.1.18,A67V/D614G/D796Y/E484A/G339D/G446S/G496S/H655Y/K417N/L981F/N440K/N501Y/N679K/N764K/N856K/N969K/P681H/Q493R/Q498R/Q954H/R214REPE/R346K/S371L/S373P/S375F/S477N/T478K/T547K/T95I/Y505H
BA.1.19,A67V/D614G/D796Y/E484A/G339D/H655Y/L981F/N679K/N764K/N856K/N969K/P681H/Q493R/Q954H/R214REPE/S371L/S373P/S375F/S477N/T478K/T547K/T95I
BA.1.20,A67V/D614G/D796Y/E484A/G339D/G496S/H655Y/L981F/N501Y/N679K/N764K/N856K/N969K/P681H/Q493R/Q498R/Q954H/R214REPE/S371L/S373P/S375F/S477N/T478K/T547K/T95I/Y505H
BA.1.21,D614G/D796Y/E484A/G339D/G496S/H655Y/L981F/N501Y/N679K/N764K/N856K/N969K/P681H/Q493R/Q498R/Q954H/S477N/T478K/T547K/T95I/Y505H
BA.1.5,A67V/A831V/D614G/D796Y/G339D/H655Y/L981F/N679K/N764K/N856K/N969K/P681H/Q954H/R214REPE/S371L/S373P/S375F/T547K/T95I
BA.1.6,A67V/D614G/D796Y/E484A/G339D/G446S/G496S/H655Y/K417N/L981F/N440K/N501Y/N679K/N764K/N856K/N969K/P681H/Q493R/Q498R/Q954H/R214REPE/S371L/S373P/S375F/S477N/T478K/T547K/T95I/Y505H
BA.1.9,A67V/D614G/D796Y/G339D/H655Y/L981F/N679K/N764K/N856K/N969K/P681H/Q954H/S704L/T547K/T95I
BA.2,D405N/D614G/D796Y/E484A/G142D/G339D/H655Y/K417N/N501Y/N679K/N764K/N969K/P681H/Q493R/Q498R/Q954H/R408S/S371F/S373P/S375F/S477N/T19I/T376A/T478K/V213G/Y505H
BA.2.1,D405N/D614G/D796Y/E484A/G142D/G339D/H655Y/K417N/N501Y/N679K/N764K/N969K/P681H/Q493R/Q498R/Q954H/R408S/S371F/S373P/S375F/S477N/T19I/T376A/T478K/V213G/Y505H
BA.2.10,D405N/D614G/D796Y/E484A/G142D/G339D/H655Y/K417N/N501Y/N679K/N764K/N969K/P681H/Q493R/Q498R/Q954H/R408S/S371F/S373P/S375F/S477N/T19I/T376A/T478K/V213G/Y505H
BA.2.10.1,D405N/D614G/D796Y/E484A/G142D/H655Y/N440K/N501Y/N679K/N764K/N969K/P681H/Q498R/Q954H/R408S/S371F/S373P/S375F/S477N/T19I/T376A/T478K/V213E/Y505H
BA.2.10.2,D405N/D614G/D796Y/G142D/G339D/H655Y/K417N/N679K/N764K/N969K/P681H/Q954H/R408S/S371F/S373P/S375F/T19I/T376A
BA.2.11,D405N/D614G/D796Y/E484A/G142D/G339D/H655Y/K417N/L452R/N440K/N501Y/N679K/N764K/N969K/P681H/Q493R/Q498R/Q954H/R408S/S371F/S373P/S375F/S477N/T376A/T478K/V213G/Y505H
BA.2.12,D405N/D614G/D796Y/E484A/G142D/G339D/H655Y/K417N/N501Y/N679K/N764K/N969K/P681H/Q498R/Q954H/R408S/S371F/S373P/S375F/S704L/T19I/T376A/V213G/Y505H
BA.2.12.1,D405N/D614G/D796Y/E484A/G142D/G339D/H655Y/K417N/L452Q/N501Y/N679K/N764K/N969K/P681H/Q493R/Q498R/Q954H/R408S/S371F/S373P/S375F/S477N/S704L/T19I/T376A/T478K/V213G/Y505H
BA.2.13,D405N/D614G/D796Y/E484A/G142D/G339D/H655Y/K417N/L452M/N501Y/N679K/N764K/N969K/P681H/Q493R/Q498R/Q954H/S373P/S375F/S477N/T19I/T376A/T478K/V213G/Y505H
BA.2.14,D405N/D614G/D796Y/E484A/G142D/G339D/H655Y/K417N/N440K/N501Y/N679K/N764K/N969K/P681H/Q493R/Q498R/Q954H/R408S/S371F/S373P/S375F/S477N/T19I/T376A/T478K/V213G/W64L/Y505H
BA.2.18,D405N/D614G/D796Y/E484A/G142D/G339D/H655Y/I651V/K417T/N501Y/N679K/N764K/N969K/P681H/Q493R/Q498R/Q954H/R408S/S371F/S373P/S375F/S477N/T19I/T376A/T478K/V227L/Y505H
BA.2.2,D405N/D614G/D796Y/E484A/G142D/G339D/H655Y/I1221T/K417N/N440K/N501Y/N679K/N764K/N969K/P681H/Q493R/Q498R/Q954H/R408S/S371F/S373P/S375F/S477N/T19I/T376A/T478K/V213G/Y505H
BA.2.21,D405N/D614G/D796Y/G142D/G339D/H655Y/K417N/N679K/N764K/N969K/P681H/Q954H/R408S/S371F/S373P/S375F/T19I/T376A/V213G
BA.2.22,D405N/D614G/D796Y/E484A/F186S/G142D/G339D/H655Y/K417N/N440K/N501Y/N679K/N764K/N969K/P681H/Q493R/Q498R/Q954H/R408S/S373P/S375F/S477N/T19I/T376A/T478K/V213G/Y505H
BA.2.23,D405N/D614G/D796Y/E484A/G142D/G339D/H655Y/K417N/N440K/N501Y/N679K/N764K/N969K/P681H/Q493R/Q498R/Q954H/R408S/S371F/S373P/S375F/S477N/T19I/T376A/T478K/V213G/Y505H
BA.2.27,D405N/D614G/D796Y/E484A/G142D/G339D/H655Y/K417N/N440K/N501Y/N679K/N764K/N969K/P681H/Q493R/Q498R/Q954H/R408S/S371F/S373P/S375F/S477N/T376A/T478K/V213G/Y505H
BA.2.3,D405N/D614G/D796Y/E484A/G142D/G339D/H655Y/K417N/N501Y/N679K/N764K/N969K/P681H/Q493R/Q498R/Q954H/R408S/S371F/S373P/S375F/S477N/T19I/T376A/T478K/V213G/Y505H
BA.2.3.10,D405N/D614G/D796Y/E484A/G142D/G339D/H655Y/K417N/N440K/N501Y/N679K/N764K/N969K/P681H/Q493R/Q498R/Q954H/R408S/S371F/S373P/S375F/S477N/T19I/T376A/T478K/V213G/Y505H
BA.2.3.16,D405N/D614G/E484A/G142D/G339D/H655Y/K417N/N440K/N501Y/Q493R/Q498R/R408S/S371F/S373P/S375F/S477N/T376A/T478K/V213G/Y505H
BA.2.3.2,D405N/D614G/D796Y/E484A/G142D/G339D/H655Y/K417N/N440K/N501Y/N679K/N764K/N969K/P681H/Q493R/Q498R/Q954H/R408S/S371F/S373P/S375F/S477N/T19I/T376A/T478K/V213G/Y505H
BA.2.3.20,D405N/D614G/D796Y/E484R/G142D/G257D/G339D/H245N/H655Y/K417N/K444R/L452M/M153T/N164K/N450D/N460K/N501Y/N679K/N764K/N969K/P681H/Q498R/Q954H/R408S/S371F/S373P/S375F/S477N/T19I/T376A/T478K/V213G/Y505H
BA.2.3.6,D405N/D614G/D796Y/E484A/G339D/H655Y/K417N/N501Y/N679K/N764K/N969K/P681H/Q493R/Q498R/Q954H/S255F/S371F/S373P/S375F/S477N/T19I/T376A/T478K/V213G/Y505H
BA.2.31,D405N/D614G/D796Y/E484A/G142D/G339D/H655Y/K417N/N440K/N501Y/N679K/N764K/N969K/P681H/Q493R/Q498R/Q954H/R408S/S371F/S373P/S375F/S477N/T19I/T376A/T478K/V213G/Y505H
BA.2.35,D405N/D614G/D796Y/E484A/G142D/G339D/H655Y/K417N/L452R/N440K/N501Y/N679K/N764K/N969K/P681H/Q493R/Q498R/Q954H/R408S/S371F/S373P/S375F/S477N/T19I/T376A/T478K/V213G/Y505H
BA.2.36,D405N/D614G/D796Y/E484A/G142D/G339D/H655Y/I68T/K417N/N440K/N501Y/N679K/N764K/N969K/P681H/Q493R/Q498R/Q954H/R408S/S371F/S373P/S375F/S477N/T19I/T376A/T478K/V213G/Y505H
BA.2.37,D405N/D614G/D796Y/E484A/G142D/G339D/H655Y/K417N/N501Y/N679K/N764K/N969K/P681H/Q493R/Q498R/Q954H/R408S/S371F/S373P/S375F/S477N/T19I/T376A/T478K/V213G/Y505H
BA.2.38,D405N/D614G/D796Y/E484A/G339D/H655Y/N501Y/N679K/N764K/N969K/P681H/Q493R/Q498R/Q954H/S371F/S373P/S375F/S477N/T19I/T376A/T478K/V213G/Y505H
BA.2.38.4,D405N/D614G/D796Y/E484A/G142D/G339D/H655Y/I692L/K147E/K417T/K444N/N440K/N501Y/N679K/N764K/N969K/P681H/Q493R/Q498R/Q954H/R408S/S371F/S373P/S375F/S477N/T19I/T376A/T478K/V213G/Y505H
BA.2.39,D405N/D614G/D796Y/E484A/G142D/G339D/H655Y/K417N/L858I/N440K/N679K/N764K/N969K/P681H/Q954H/R408S/S371F/S373P/S375F/S477N/T19I/T376A/T478K/V213G
BA.2.42,D405N/D614G/D796Y/G142D/G339D/H655Y/I68T/K417N/N679K/N764K/N969K/P681H/Q954H/R408S/S371F/S373P/S375F/T19I/T376A/V213G/Y505H
BA.2.45,D614G/D796Y/E484A/G142D/H655Y/N501Y/N679K/N764K/N969K/P681H/Q493R/Q498R/Q954H/S477N/T19I/T478K/V213G/Y505H
BA.2.47,D405N/D614G/D796Y/E484A/G142D/G339D/H655Y/K417N/N501Y/N679K/N764K/N969K/P681H/Q493R/Q498R/Q954H/R408S/S1261Y/S371F/S373P/S375F/S477N/T19I/T376A/T478K/V213G/Y248H/Y505H
BA.2.48,D405N/D614G/D796Y/E484A/G142D/G339D/H655Y/K417N/N440K/N501Y/N679K/N764K/N969K/P681H/Q493R/Q498R/Q954H/R408S/S371F/S373P/S375F/S477N/T19I/T376A/T478K/V213G/Y248S/Y505H
BA.2.5,D405N/D614G/D796Y/E484A/G142D/G339D/H655Y/K417N/N440K/N501Y/N679K/N764K/N969K/P681H/Q493R/Q498R/Q954H/R408S/S371F/S373P/S375F/S477N/T19I/T376A/T478K/V213G/Y505H
BA.2.52,D405N/D614G/D796Y/E484A/G142D/G339D/H655Y/K417N/N501Y/N679K/N764K/N969K/P681H/Q493R/Q498R/Q954H/R408S/S371F/S373P/S375F/S477N/T19I/T376A/T478K/V213G/Y248SGEN/Y505H
BA.2.56,D405N/D614G/D796Y/E484A/G142D/G339D/H655Y/K417N/L452M/N501Y/N679K/N764K/N969K/P681H/Q493R/Q498R/Q954H/R408S/S371F/S373P/S375F/S477N/T19I/T376A/T478K/V213G/Y505H
BA.2.6,D405N/D614G/D796Y/E484A/G142D/G339D/H655Y/K417N/N501Y/N679K/N764K/N969K/P681H/Q493R/Q498R/Q954H/R408S/S373P/S375F/S477N/T19I/T478K/V213G/Y505H
BA.2.62,D614G/D796Y/E484A/G142D/H655Y/N501Y/N679K/N969K/P681H/Q493R/Q498R/Q954H/S477N/T19I/T478K/V213G/Y505H
BA.2.63,D405N/D614G/D796Y/E484A/G142D/G339D/H655Y/N501Y/N679K/N969K/P681H/Q493R/Q498R/Q954H/R408S/S371F/S373P/S375F/S477N/T19I/T376A/T478K/V213G/Y505H
BA.2.65,D405N/D614G/D796Y/G142D/G339D/H655Y/K417N/N679K/N764K/N969K/P681H/Q493R/Q954H/R408S/S371F/S373P/S375F/S477N/T19I/T376A/V213G
BA.2.67,D405N/D614G/D796Y/E484A/F157S/G142D/G339D/H655Y/K417N/N440K/N501Y/N679K/N764K/N969K/P681H/Q493R/Q498R/Q954H/R408S/S371F/S373P/S375F/S477N/T19I/T376A/T478K/V213G/Y505H
BA.2.69,D614G/D796Y/E484A/G142D/H655Y/N440K/N501Y/N679K/N969K/P681H/Q493R/Q498R/Q954H/S477N/T19I/T478K/V213G/Y505H
BA.2.7,D405N/D614G/D796Y/E484A/G142D/H655Y/K417N/N440K/N501Y/N679K/N764K/N969K/P681H/Q493R/Q498R/Q954H/R408S/S373P/S375F/S477N/T19I/T376A/T478K/V213G/Y505H
BA.2.72,D215E/D405N/D614G/D796Y/E484A/G339D/H655Y/K417N/L212S/N440K/N501Y/N679K/N703Y/N764K/N969K/P681H/Q493R/Q498R/Q954H/R408S/S371F/S373P/S375F/S477N/T19I/T376A/T478K/V213G/Y505H
BA.2.73,D405N/D614G/D796Y/E484A/G142D/G257S/G339D/H655Y/K417N/N440K/N501Y/N679K/N764K/N969K/P681H/Q493R/Q498R/Q954H/R408S/S371F/S373P/S375F/S477N/T19I/T376A/T478K/V213G/Y505H
BA.2.74,D405N/D614G/D796Y/E484A/G142D/G339D/H655Y/K417N/L452M/N440K/N501Y/N679K/N764K/N969K/P681H/Q493R/Q498R/Q954H/R346T/R408S/S371F/S373P/S375F/S477N/T19I/T376A/T478K/V213G/Y505H
BA.2.75,D405N/D614G/D796Y/E484A/H655Y/K417N/N460K/N501Y/N679K/N764K/N969K/P681H/Q498R/Q954H/R408S/S371F/S373P/S375F/S477N/T19I/T376A/T478K/V213G/Y505H
BA.2.75.1,D405N/D574V/D614G/D796Y/E484A/F157L/G257S/G339H/G446S/H655Y/I210V/K147E/K417N/N440K/N460K/N501Y/N679K/N764K/N969K/P681H/Q498R/Q954H/R346T/R408S/S371F/S373P/S375F/S477N/T19I/T376A/T478K/V213G/W152R/Y505H
BA.2.75.2,D1199N/D405N/D614G/D796Y/E484A/F486S/G257S/G339H/G446S/H655Y/N440K/N460K/N501Y/N679K/N764K/N969K/P681H/Q498R/Q954H/R346T/R408S/S371F/S373P/S375F/S477N/T19I/T376A/T478K/Y505H
BA.2.75.5,D405N/D614G/D796Y/E484A/F157L/G257S/G339H/G446S/H655Y/I210V/K147E/K356T/K417N/N440K/N460K/N501Y/N679K/N764K/N969K/P681H/Q498R/Q954H/R408S/S371F/S373P/S375F/S477N/T19I/T376A/T478K/V213G/W152R/Y505H
BA.2.81,D405N/D614G/D796Y/E484A/G142D/G339D/H655Y/K417N/L452M/N501Y/N679K/N764K/N969K/P681H/Q493R/Q498R/Q954H/R408S/S371F/S373P/S375F/S477N/T19I/T376A/T478K/V213G/Y505H
BA.2.86.1,A264D/A570V/D614G/D796Y/E554K/F157S/F486P/G142D/G339H/G446S/H245N/H655Y/I332V/L216F/L452W/L455S/N440K/N450D/N460K/N481K/N679K/N764K/N969K/P1143L/P621S/P681R/Q954H/R158G/R21T/S477N/S50L/S939F/T19I/T478K/V127F/V16VMPLF/V213G/V445H
BA.2.86.3,A264D/A570V/D405N/D614G/D796Y/E554K/F157S/F486P/G142D/G339H/G446S/H245N/I332V/K356T/K417N/L216F/L452W/N440K/N450D/N460K/N481K/N501Y/N679K/N764K/P1143L/P621S/P681R/Q498R/Q954H/R158G/R21T/R403K/R408S/S371F/S373P/S375F/S477N/S50L/S939F/T19I/T376A/T478K/V127F/V16VMPLF/V213G/V445H/Y505H
BA.2.9,D405N/D614G/D796Y/E484A/G142D/G339D/H655Y/K417N/N501Y/N679K/N764K/N969K/P681H/Q493R/Q498R/Q954H/R408S/S371F/S373P/S375F/S477N/T19I/T376A/T478K/V213G/Y505H
BA.2.9.2,D405N/D614G/D796Y/E484A/G142D/H655Y/K417N/N501Y/N679K/N764K/N969K/P681H/Q493R/Q498R/Q954H/R408S/S477N/T19I/T478K/V213G/Y505H
BA.2.9.3,D405N/D614G/D796Y/E484A/G142D/G339D/H655Y/K417N/N501Y/N679K/N764K/N969K/P681H/Q493R/Q498R/Q954H/R408S/S371F/S373P/S375F/S477N/T19I/T376A/T478K/V213G/W64R/Y505H
BA.2.9.5,D405N/D614G/D796Y/G142D/H655Y/K417N/N679K/N969K/P681H/Q954H/R408S/T19I/V213G
BA.2.9.7,D405N/D614G/D796Y/G142D/G339D/H655Y/K417N/N440K/N679K/N764K/N969K/P681H/Q954H/R408S/S371F/S373P/S375F/S730F/T19I/T376A/V213G
BA.3,D405N/D614G/E484A/H655Y/K417N/N440K/N501Y/Q493R/Q498R/R408S/S371F/S373P/S375F/S477N/T376A/T478K/Y505H
BA.4,D405N/D614G/D796Y/E484A/F486V/G142D/G339D/H655Y/K417N/L452R/N440K/N501Y/N658S/N679K/N764K/N969K/P681H/Q498R/Q954H/R408S/S371F/S373P/S375F/S477N/T19I/T376A/T478K/V213G/Y505H
BA.4.1,D405N/D614G/D796Y/E484A/F486V/G142D/G339D/H655Y/K417N/L452R/N501Y/N679K/N764K/N969K/P681H/Q498R/Q954H/S371F/S373P/S375F/S477N/T19I/T376A/T478K/V213G/V3G/Y505H
BA.4.1.5,D405N/D614G/D796Y/E484A/F486V/G142D/G339D/H655Y/K417N/L452R/N440K/N679K/N764K/N969K/P681H/Q954H/R408S/S371F/S373P/S375F/S477N/T19I/T376A/T478K/V213G/V3G
BA.4.1.6,D405N/D614G/D796Y/E484A/F486V/G142D/G339D/H655Y/K417N/L452R/N1108T/N440K/N679K/N764K/N969K/P681H/Q954H/R408S/S371F/S373P/S375F/S477N/T19I/T376A/T478K/V213G/V3G
BA.4.1.7,D405N/D614G/D796Y/E484A/F486V/G142D/G339D/H655Y/K417N/L452R/N440K/N501Y/N679K/N764K/N969K/P681H/Q498R/Q52R/Q954H/R408S/S371F/S373P/S375F/S477N/T19I/T376A/T478K/V213G/V3G/Y505H
BA.4.1.8,D405N/D614G/D796Y/E484A/F486V/G142D/G339D/H655Y/K417N/L452R/N501Y/N679K/N764K/N969K/P681H/Q498R/Q954H/R346T/R408S/S371F/S373P/S375F/S477N/T19I/T376A/T478K/T761S/V213G/V3G/Y505H
BA.4.1.9,D614G/D796Y/E484A/F486V/H655Y/N501Y/N679K/N969K/P681H/Q498R/Q954H/R346T/S371F/S373P/S375F/S477N/T19I/T376A/T478K/V213G/V3G/Y505H
BA.4.2,D405N/D614G/D796Y/E484A/F486V/G142D/G339D/H655Y/K417N/L452R/N440K/N501Y/N679K/N764K/N969K/P681H/Q498R/Q954H/R408S/S371F/S373P/S375F/S477N/T19I/T376A/T478K/V213G/Y505H
BA.4.4,D405N/D614G/D796Y/E484A/F486V/G142D/G339D/H655Y/K417N/L452R/N440K/N501Y/N658S/N679K/N764K/N969K/P681H/Q498R/Q954H/R408S/S371F/S373P/S375F/S477N/T19I/T376A/T478K/V213G/Y505H
BA.4.6,D405N/D614G/D796Y/E484A/F486V/G142D/G339D/H655Y/K417N/L452R/N501Y/N658S/N679K/N764K/N969K/P681H/Q498R/Q954H/R346T/R408S/S371F/S373P/S375F/S477N/T19I/T376A/T478K/V213G/Y505H
BA.4.6.5,D405N/D614G/D796Y/E484A/F486V/G142D/G339D/H655Y/K417N/L452R/N440K/N501Y/N658S/N679K/N764K/N969K/P681H/Q498R/Q954H/R346T/R408S/S371F/S373P/S375F/S477N/T19I/T376A/T478K/V213G/Y505H
BA.4.7,D405N/D614G/D796Y/E484A/F486V/G339D/H655Y/K417N/L452R/N501Y/N658S/N679K/N764K/N969K/P681H/Q498R/Q954H/R21T/R346S/R408S/S371F/S373P/S375F/S477N/T19I/T376A/T478K/V213G/Y505H
BA.4.8,D405N/D614G/D796Y/E484A/F486V/G142D/G339D/H655Y/K417N/L452R/N440K/N501Y/N679K/N764K/N969K/P681H/Q498R/Q954H/R408S/S371F/S373P/S375F/S477N/T19I/T376A/T478K/V213G/Y505H
BA.5,D405N/D614G/D796Y/E484A/F486V/G142D/G339D/H655Y/K417N/L452R/N501Y/N679K/N764K/N969K/P681H/Q498R/Q954H/R408S/S371F/S373P/S375F/S477N/T19I/T376A/T478K/V213G/Y505H
BA.5.1,D405N/D614G/D796Y/E484A/F486V/G142D/G339D/H655Y/K417N/L452R/N501Y/N679K/N764K/N969K/P681H/Q498R/Q954H/R408S/S371F/S373P/S375F/S477N/T19I/T376A/T478K/V213G/Y505H
BA.5.1.1,D405N/D614G/D796Y/E484A/F486V/G142D/G339D/H655Y/K417N/L452R/N501Y/N679K/N764K/N969K/P681H/Q498R/Q954H/R408S/S371F/S373P/S375F/S477N/T19I/T376A/T478K/V213G/Y505H
BA.5.1.10,D405N/D614G/D796Y/E484A/F486V/G142D/G339D/H655Y/K417N/L452R/N501Y/N679K/N764K/N969K/P681H/Q498R/Q954H/R408S/S371F/S373P/S375F/S477N/T19I/T376A/T478K/V213G/Y505H
BA.5.1.12,D405N/D614G/D796Y/E484A/F486V/G142D/G339D/H655Y/N501Y/N679K/N764K/N969K/P681H/Q498R/Q954H/S371F/S373P/S375F/S477N/T19I/T376A/T478K/V213G/Y505H
BA.5.1.14,D405N/D614G/D796Y/E484A/F486V/G142D/G339D/H655Y/K417N/N501Y/N679K/N764K/N969K/P681H/Q498R/Q954H/S371F/S373P/S375F/S477N/T19I/T376A/T478K/V213G/Y505H
BA.5.1.15,D405N/D614G/D796Y/E484A/F486V/G142D/G339D/H655Y/K417N/L452R/N501Y/N679K/N764K/N969K/P681H/Q498R/Q954H/R408S/S371F/S373P/S375F/S477N/T19I/T376A/T478K/V213G/Y505H
BA.5.1.16,D405N/D614G/D796Y/E484A/F486V/G142D/G339D/H655Y/K417N/L452R/N440K/N501Y/N679K/N764K/N969K/P681H/Q498R/Q954H/S371F/S373P/S375F/S477N/T19I/T376A/T478K/V213G/Y505H
BA.5.1.2,D405N/D614G/D796Y/E484A/F486V/G142D/G339D/H655Y/K417N/L452R/N440K/N501Y/N679K/N764K/N969K/P681H/Q498R/Q954H/R408S/S371F/S373P/S375F/S477N/T19I/T376A/T478K/V213G/Y505H
BA.5.1.21,D405N/D614G/D796Y/E484A/F486V/G142D/G339D/H655Y/K417N/L452R/N501Y/N679K/N764K/N969K/P681H/Q498R/Q954H/R408S/S371F/S373P/S375F/S477N/T19I/T376A/T478K/V213G/Y505H
BA.5.1.22,D405N/D614G/D796Y/E484A/F486V/G142D/G339D/H655Y/K417N/L452R/N501Y/N679K/N764K/N969K/P681H/Q498R/Q954H/R408S/S371F/S373P/S375F/S477N/T19I/T376A/T478K/V213G/Y505H
BA.5.1.23,D405N/D614G/D796Y/E484A/F486V/G142D/G339D/H655Y/K417N/L452R/N501Y/N679K/N764K/N969K/P681H/Q498R/Q954H/R408S/S371F/S373P/S375F/S477N/T19I/T376A/T478K/V213G/Y505H
BA.5.1.24,D405N/D614G/D796Y/E484A/F486V/G142D/G339D/H655Y/K417N/L452R/N440K/N501Y/N679K/N764K/N969K/P681H/Q498R/Q954H/S371F/S373P/S375F/S477N/T19I/T376A/T478K/V213G/Y505H
BA.5.1.25,D405N/D614G/D796Y/E484A/F486V/G142D/G339D/H655Y/K417N/L452R/N501Y/N679K/N764K/N969K/P681H/Q498R/Q954H/R408S/S371F/S373P/S375F/S477N/T19I/T376A/T478K/V213G/Y505H
BA.5.1.27,D405N/D614G/D796Y/E484A/F486V/G339D/H655Y/K417N/L452R/N501Y/N679K/N764K/N969K/P681H/Q498R/Q954H/R346T/R408S/S371F/S373P/S375F/S477N/T19I/T376A/T478K/V213G/Y505H
BA.5.1.3,D405N/D614G/G142D/G339D/H655Y/K417N/N679K/N764K/N969K/P681H/Q954H/R408S/S371F/S373P/S375F/T376A
BA.5.1.30,D405N/D614G/D796Y/E484A/F486V/G142D/G339D/H655Y/K417N/L452R/N501Y/N679K/N764K/N969K/P681H/Q498R/Q954H/R408S/S371F/S373P/S375F/S477N/T19I/T376A/T478K/V213G/Y505H
BA.5.1.33,D405N/D614G/D796Y/E484A/F486V/G339D/H655Y/K417N/L452R/N501Y/N679K/N764K/N969K/P681H/Q498R/Q954H/R408S/S371F/S373P/S375F/S477N/T19I/T376A/T478K/V1264L/V213G/Y505H
BA.5.1.34,D405N/D614G/D796Y/E484A/F486V/G142D/G339D/H655Y/K417N/L452R/N440K/N501Y/N679K/N764K/N969K/P1162S/P681H/Q498R/Q954H/R408S/S371F/S373P/S375F/S477N/T19I/T376A/T478K/V213G/Y505H
BA.5.1.35,D405N/D614G/D796Y/E484A/F486V/G142D/G339D/H655Y/K417N/L452R/N440K/N501Y/N679K/N764K/N969K/P681H/Q498R/Q954H/R408S/S371F/S373P/S375F/S477N/T19I/T376A/T478K/V213G/Y505H
BA.5.1.4,D405N/D614G/D796Y/E484A/F486V/G142D/G339D/H655Y/K417N/L452R/N440K/N501Y/N679K/N764K/N969K/P681H/Q498R/Q954H/R408S/S371F/S373P/S375F/S477N/T19I/T376A/T478K/V213G/Y505H
BA.5.1.5,D405N/D614G/D796Y/E484A/F486V/G142D/G339D/H655Y/K417N/L452R/N440K/N501Y/N679K/N764K/N969K/P1263Q/P681H/Q498R/Q954H/R408S/S371F/S373P/S375F/S477N/T19I/T376A/T478K/V213G/Y505H
BA.5.1.7,D405N/D614G/D796Y/E484A/F486V/G142D/G339D/H655Y/K417N/L452R/N501Y/N679K/N764K/N969K/P681H/Q498R/Q954H/R408S/S371F/S373P/S375F/S477N/T19I/T376A/T478K/V213G/Y505H
BA.5.1.9,D405N/D614G/D796Y/E484A/F486V/G142D/G339D/H655Y/K417N/L452R/N440K/N501Y/N679K/N764K/N969K/P681H/Q498R/Q954H/R408S/S371F/S373P/S375F/S477N/T19I/T376A/T478K/V213G/Y505H
BA.5.10,A262S/D405N/D614G/D796Y/E484A/F486V/G142D/G339D/H655Y/K417N/L452R/N501Y/N679K/N764K/N969K/P681H/Q498R/Q954H/R408S/S371F/S373P/S375F/S477N/T19I/T376A/T478K/V213G/Y505H
BA.5.11,D405N/D614G/D796Y/E484A/F486V/G142D/G339D/H655Y/K417N/L452R/N440K/N501Y/N679K/N764K/N969K/P681H/Q498R/Q954H/R346T/R408S/S371F/S373P/S375F/S477N/T19I/T376A/V1264L/V213G/Y505H
BA.5.2,D405N/D614G/D796Y/E484A/F486V/G142D/G339D/H655Y/K417N/L452R/N440K/N501Y/N679K/N764K/N969K/P681H/Q498R/Q954H/R408S/S371F/S373P/S375F/S477N/T19I/T376A/T478K/V213G/Y505H
BA.5.2.1,D405N/D614G/D796Y/E484A/F486V/G142D/G339D/H655Y/K417N/L452R/N501Y/N679K/N764K/N969K/P681H/Q498R/Q954H/R408S/S371F/S373P/S375F/S477N/T19I/T376A/T478K/V213G/Y505H
BA.5.2.10,D405N/D614G/D796Y/E484A/F486V/G142D/G339D/H655Y/K417N/L452R/N440K/N501Y/N679K/N764K/N969K/P681H/Q498R/Q954H/R408S/S371F/S373P/S375F/S477N/T19I/T376A/T478K/V213G/Y505H
BA.5.2.18,D405N/D614G/D796Y/E1195A/E484A/F486V/G339D/H655Y/K417N/L452R/N501Y/N679K/N764K/N969K/P681H/Q498R/Q954H/R408S/S371F/S373P/S375F/S477N/T19I/T376A/T478K/V213G/Y505H
BA.5.2.2,D405N/D614G/D796Y/E484A/F486V/G142D/G339D/H655Y/K417N/L452R/N440K/N501Y/N679K/N764K/N969K/P681H/Q498R/Q954H/R408S/S371F/S373P/S375F/S477N/T19I/T376A/T478K/V213G/Y505H
BA.5.2.20,D405N/D614G/D796Y/E484A/F486V/G142D/G339D/H655Y/K417N/L452R/N501Y/N679K/N764K/N969K/P681H/Q498R/Q954H/R408S/S371F/S373P/S375F/S477N/T19I/T376A/T478K/V213G/Y505H
BA.5.2.21,D614G/D796Y/E484A/F486V/G142D/G339D/H655Y/N501Y/N679K/N764K/N969K/P681H/Q498R/Q954H/S477N/T19I/T478K/V213G/Y505H
BA.5.2.22,D405N/D614G/D796Y/E484A/F486V/G142D/G339D/H655Y/K417N/N440K/N679K/N764K/N969K/P681H/Q498R/Q954H/R408S/S371F/S373P/S375F/S477N/T19I/T376A/T478K/V213G
BA.5.2.23,D405N/D614G/D796Y/E484A/F486V/G142D/G339D/H655Y/K417N/L452R/N440K/N501Y/N679K/N764K/N969K/P681H/Q498R/Q954H/R408S/S255F/S371F/S373P/S375F/S477N/T19I/T376A/T478K/V213G/V445A/Y145H/Y505H
BA.5.2.27,D405N/D614G/D796Y/E484A/F486V/G142D/G339D/H655Y/K417N/L452R/N440K/N501Y/N679K/N969K/P681H/Q498R/Q954H/R408S/S371F/S373P/S375F/S477N/T19I/T376A/T478K/V213G/Y505H
BA.5.2.28,D405N/D614G/D796Y/E484A/G142D/G339D/H655Y/K417N/N440K/N501Y/N679K/N764K/N969K/P681H/Q493R/Q498R/Q954H/R408S/S373P/S375F/S477N/T19I/T376A/T478K/V213G/Y505H
BA.5.2.3,D405N/D614G/D796Y/E484A/F486V/G142D/H655Y/K417N/L452R/N440K/N501Y/N679K/N764K/N969K/P681H/Q498R/Q954H/R408S/S477N/T19I/T478K/V213G/Y505H
BA.5.2.30,D405N/D614G/D796Y/E484A/F486V/G142D/G339D/G446D/H655Y/K417N/L452R/N440K/N501Y/N679K/N764K/N969K/P681H/Q498R/Q954H/R346T/R408S/S371F/S373P/S375F/S477N/T19I/T376A/T478K/V213G/Y505H
BA.5.2.33,D405N/D614G/D796Y/E484A/F486V/G142D/G339D/H655Y/K417N/L452R/N440K/N501Y/N679K/N764K/N969K/P681H/Q498R/Q954H/R408S/S371F/S373P/S375F/S477N/T19I/T376A/T478K/V213G/Y505H
BA.5.2.34,D405N/D614G/D796Y/E484A/F486V/G142D/G339D/H655Y/K417N/L452R/N501Y/N679K/N764K/N969K/P681H/Q498R/Q954H/R346T/R408S/S371F/S373P/S375F/S477N/T19I/T376A/T478K/V213G/Y505H
BA.5.2.35,D405N/D614G/D796Y/E484A/F486V/G142D/G339D/H655Y/K417N/L452R/N501Y/N679K/N969K/P681H/Q498R/Q954H/R346T/R408S/S371F/S373P/S375F/S477N/T19I/T376A/T478K/V213G/Y505H
BA.5.2.57,D405N/D614G/D796Y/E484A/F486V/G142D/G339D/H655Y/K417N/L452R/N501Y/N679K/N764K/N969K/P681H/Q498R/Q954H/R346S/R408S/S371F/S373P/S375F/S477N/T19I/T376A/T478K/V213G/Y505H
BA.5.2.6,D405N/D614G/D796Y/E484A/F486V/G142D/G339D/H655Y/K417N/L452R/N501Y/N679K/N764K/N969K/P681H/Q498R/Q954H/R346T/R408S/S371F/S373P/S375F/S477N/T19I/T376A/T478K/V213G/Y505H
BA.5.2.62,A653V/D405N/D614G/D796Y/E484A/F486V/G142D/G339D/H655Y/K417N/L452R/N501Y/N679K/N764K/N969K/P681H/Q498R/Q954H/R408S/S371F/S373P/S375F/S477N/T19I/T376A/T478K/V213G/Y505H
BA.5.2.9,D405N/D614G/D796Y/E484A/F486V/G142D/G339D/H655Y/K417N/L452R/N679K/N764K/N969K/P681H/Q954H/R408S/S371F/S373P/S375F/S477N/T19I/T376A/T478K/V213G
BA.5.3,D405N/D614G/D796Y/E484A/F486V/G142D/G339D/H655Y/K417N/L452R/N440K/N501Y/N679K/N764K/N969K/P681H/Q498R/Q954H/R408S/S371F/S373P/S375F/S477N/T19I/T376A/T478K/V213G/Y505H
BA.5.3.1,D405N/D614G/D796Y/G142D/G339D/H655Y/K417N/N679K/N764K/N969K/P681H/Q954H/R408S/S371F/S373P/S375F/T19I/T376A/V213G
BA.5.5,D405N/D614G/D796Y/E484A/F486V/G142D/G339D/H655Y/K417N/L452R/N440K/N501Y/N679K/N764K/N969K/P681H/Q498R/Q954H/R408S/S371F/S373P/S375F/S477N/T19I/T376A/T478K/T76I/V213G/Y505H
BA.5.5.1,D405N/D614G/D796Y/E484A/F486V/G142D/G339D/K417N/L452R/N440K/N450D/N501Y/N679K/N764K/N969K/P681H/Q498R/Q954H/R408S/S371F/S373P/S375F/S477N/T376A/T478K/T76I/V213G/Y505H
BA.5.6,D405N/D614G/D796Y/E484A/F486V/G142D/G339D/H655Y/K417N/L452R/N501Y/N679K/N764K/N969K/P681H/Q498R/Q954H/R408S/S371F/S373P/S375F/S477N/T19I/T376A/T478K/V213G/Y505H
BA.5.6.2,D405N/D614G/D796Y/E484A/F486V/G142D/G339D/H655Y/K417N/K444T/L452R/N440K/N501Y/N679K/N764K/N969K/P681H/Q498R/Q954H/R408S/S371F/S373P/S375F/S477N/T19I/T376A/T478K/V213G/Y505H
BA.5.6.4,D405N/D614G/D796Y/E484A/F486V/G142D/G339D/H655Y/K417N/L452R/N501Y/N679K/N764K/N969K/P681H/Q498R/Q954H/R346E/R408S/S371F/S373P/S375F/S477N/T19I/T376A/T478K/V213G/Y505H
BA.5.9,D405N/D614G/D796Y/E484A/F486V/G142D/G339D/H655Y/K417N/L452R/N501Y/N679K/N764K/N969K/P681H/Q498R/Q954H/R346I/S371F/S373P/S375F/S477N/T19I/T376A/T478K/V213G/Y505H
BE.1,D405N/D614G/D796Y/E484A/F486V/G142D/G339D/H655Y/K417N/L452R/N501Y/N679K/N764K/N969K/P681H/Q498R/Q954H/R408S/S371F/S373P/S375F/S477N/T19I/T376A/T478K/V213G/Y505H
BE.1.1,D405N/D614G/D796Y/E484A/F486V/G142D/G339D/H655Y/K417N/L452R/N440K/N501Y/N679K/N764K/N969K/P681H/Q498R/Q954H/R408S/S371F/S373P/S375F/S477N/T19I/T376A/T478K/V213G/Y505H
BE.1.1.1,D614G/D796Y/E484A/F486V/G142D/G339D/H655Y/N501Y/N679K/N969K/P681H/Q498R/Q954H/S477N/T19I/T478K/V213G/Y505H
BE.1.1.2,D405N/D614G/D796Y/E484A/F486V/G142D/G339D/H655Y/K417N/L452R/N440K/N501Y/N679K/N764K/N969K/P681H/Q498R/Q954H/R408S/S371F/S373P/S375F/S477N/T19I/T376A/T478K/V213G/Y505H
BE.1.4,D405N/D614G/D796Y/E484A/F486V/G142D/G339D/H655Y/K417N/L452R/N440K/N501Y/N679K/N764K/N969K/P681H/Q498R/Q954H/R408S/S371F/S373P/S375F/S477N/T376A/T478K/V213G/Y505H
BE.10,D405N/D614G/D796Y/E484A/F486V/G142D/G339D/H655Y/K417N/K444T/L452R/N440K/N460K/N501Y/N679K/N764K/N969K/P681H/Q498R/Q954H/R408S/S371F/S373P/S375F/S477N/T19I/T376A/T478K/V213G/Y505H
BE.3,D405N/D614G/D796Y/E484A/F486V/G142D/G339D/H655Y/K417N/L452R/N440K/N501Y/N679K/N764K/N969K/P681H/Q498R/Q954H/R408S/S371F/S373P/S375F/S477N/T19I/T376A/T478K/V213G/Y505H
BE.4.1,D405N/D614G/D796Y/E484A/F486V/G142D/G339D/H655Y/K417N/L452R/N440K/N501Y/N679K/N764K/N969K/P209L/P681H/Q498R/Q954H/R346T/R408S/S371F/S373P/S375F/S477N/T19I/T376A/T478K/V213G/Y505H
BE.5,D405N/D614G/D796Y/E484A/F486V/G339D/H655Y/K417N/L452R/N501Y/N679K/N764K/N969K/P1162L/P681H/Q498R/Q954H/S371F/S373P/S375F/S477N/T19I/T376A/T478K/V213G/Y505H
BE.9,D405N/D614G/D796Y/E484A/F486V/G142D/G339D/H655Y/K417N/K444T/L452R/N440K/N460K/N501Y/N679K/N764K/N969K/P681H/Q498R/Q954H/R408S/S371F/S373P/S375F/S477N/T19I/T376A/T478K/V213G/Y505H
BF.1,D405N/D614G/D796Y/E484A/F486V/G142D/G339D/H655Y/K417N/L452R/N440K/N501Y/N679K/N969K/P681H/Q498R/Q954H/R408S/S373P/S477N/T19I/T478K/V213G/Y505H
BF.10,D405N/D614G/D796Y/E484A/F486V/G142D/G339D/H655Y/K417N/L452R/N501Y/N679K/N764K/N969K/P681H/Q498R/Q954H/R408S/S371F/S373P/S375F/S477N/T19I/T376A/T478K/V213G/Y505H
BF.11,D405N/D614G/D796Y/E484A/F486V/G142D/G339D/H655Y/K417N/L452R/N440K/N501Y/N679K/N764K/N969K/P681H/Q498R/Q954H/R346T/R408S/S371F/S373P/S375F/S477N/T19I/T376A/T478K/V213G/Y505H
BF.12,D405N/D614G/D796Y/E484A/F486I/G142D/G339D/H655Y/K417N/L452R/N501Y/N679K/N764K/N969K/P681H/Q498R/Q954H/R408S/S371F/S373P/S375F/S477N/T19I/T376A/T478K/V213G/Y505H
BF.14,D405N/D614G/D796Y/E484A/F486V/G339D/H655Y/K417N/L452R/N450D/N501Y/N679K/N764K/N969K/P681H/Q498R/Q954H/R408S/S371F/S373P/S375F/S477N/T19I/T376A/T478K/V213G/Y505H
BF.2,D405N/D614G/D796Y/E484A/F486V/G142D/G339D/H655Y/K417N/L452R/N440K/N501Y/N679K/N764K/N969K/P681H/Q498R/Q954H/R408S/S371F/S373P/S375F/S477N/T19I/T376A/T478K/V213G/Y505H
BF.26,D405N/D614G/D796Y/E484A/F486V/G142D/G339D/H655Y/K417N/L452R/N440K/N501Y/N679K/N764K/N969K/P681H/Q498R/Q954H/R408S/S371F/S373P/S375F/S477N/T19I/T376A/T478K/V213G/Y505H
BF.27,D405N/D614G/D796Y/E484A/F486V/G142D/G339D/H655Y/K417N/L452R/N440K/N501Y/N679K/N764K/N969K/P681H/Q498R/Q954H/R408S/S371F/S373P/S375F/S477N/T19I/T376A/T478K/V213G/Y505H
BF.28,D405N/D614G/D796Y/E484A/F486V/G142D/G339D/H655Y/K417N/L452R/N440K/N501Y/N679K/N764K/N969K/P681H/Q498R/Q954H/R408S/S371F/S373P/S375F/S477N/T19I/T376A/T478K/V213G/Y505H
BF.31,D405N/D614G/D796Y/E484A/F486V/G142D/G339D/H655Y/K417N/L452R/N501Y/N679K/N969K/P681H/Q498R/Q954H/R408S/S371F/S373P/S375F/S477N/T19I/T376A/T478K/V213G/Y505H
BF.31.1,A701V/D405N/D614G/D796Y/E484A/F486V/G339D/H655Y/K417N/L452R/N440K/N501Y/N679K/N764K/N969K/P681H/Q498R/Q954H/R408S/S371F/S373P/S375F/S477N/T19I/T376A/T478K/V213G/Y505H
BF.33,D405N/D614G/D796Y/E484A/F486V/G142D/G339D/H655Y/K417N/L452R/N440K/N460K/N501Y/N679K/N764K/N969K/P681H/Q498R/Q954H/R346I/R408S/S371F/S373P/S375F/S477N/T19I/T376A/T478K/V213G/Y505H
BF.38,D405N/D614G/D796Y/E484A/F486V/G142D/G339D/H655Y/K417N/L452R/N501Y/N679K/N764K/N969K/P681H/Q498R/Q954H/R408S/S371F/S373P/S375F/S477N/T19I/T376A/T478K/V213G/Y505H
BF.38.1,D405N/D614G/D796Y/E484A/F486V/G142D/G339D/H655Y/K417N/L452R/N501Y/N679K/N764K/N969K/P681H/Q1201K/Q498R/Q954H/R408S/S371F/S373P/S375F/S477N/T19L/T376A/T478K/V213G/V341I/Y505H
BF.39,D405N/D614G/D796Y/E484A/F486V/G142D/G181V/G339D/H655Y/K417N/L452R/N501Y/N679K/N764K/N969K/P681H/Q498R/Q954H/R408S/S371F/S373P/S375F/S477N/T19I/T376A/T478K/V213G/Y505H
BF.4,D405N/D614G/D796Y/E484A/F486V/G142D/G339D/H655Y/K417N/L452R/N440K/N501Y/N679K/N764K/N969K/P681H/Q498R/Q954H/R408S/S371F/S373P/S375F/S477N/T19I/T376A/T478K/Y505H
BF.41,D405N/D614G/D796Y/E484A/F486V/G142D/G339D/H655Y/K417N/L452R/N501Y/N679K/N764K/N969K/P681H/Q498R/Q954H/R408S/S371F/S373P/S375F/S477N/T19I/T376A/T478K/V213G/Y505H
BF.41.1,D405N/D614G/D796Y/E484A/F486V/G142D/G339D/H655Y/K417N/L452R/N501Y/N679K/N764K/N969K/P681H/Q498R/Q954H/R346T/R408S/S371F/S373P/S375F/S477N/T19I/T376A/T478K/V213G/Y505H
BF.5,A1020S/D405N/D614G/D796Y/E484A/F486V/G142D/G339D/H655Y/K417N/L452R/N440K/N501Y/N679K/N764K/N969K/P681H/Q498R/Q954H/R408S/S371F/S373P/S375F/S477N/T376A/T478K/V213G/Y505H
BF.5.4,A1020S/D405N/D614G/D796Y/E484A/F486V/G142D/G476S/G946R/H655Y/K417N/L452R/N440K/N501Y/N679K/N764K/N969K/P681H/Q498R/Q954H/R408S/S477N/T478K/V213G/Y505H
BF.6,D1084N/D405N/D614G/D796Y/E484A/F486V/G142D/G181A/G339D/H655Y/K417N/L452R/N501Y/N679K/N764K/N969K/P681H/Q498R/Q954H/R408S/S371F/S373P/S375F/S477N/T19I/T376A/T478K/V213G/Y505H
BF.7,D405N/D614G/D796Y/E484A/F486V/G142D/G339D/H655Y/K417N/L452R/N501Y/N679K/N764K/N969K/P681H/Q498R/Q954H/R346T/R408S/S371F/S373P/S375F/S477N/T19I/T376A/T478K/V213G/Y505H
BF.7.1,D614G/D796Y/E484A/F486V/G142D/G261V/G339D/H655Y/L452R/N501Y/N679K/N764K/N969K/P681H/Q498R/Q954H/R346T/S371F/S373P/S375F/S477N/T19I/T376A/T478K/V213G/Y505H
BF.7.19,D405N/D614G/D796Y/E484A/F486V/G142D/G339D/H655Y/K417N/L452R/N440K/N501Y/N679K/N764K/N969K/P681H/Q498R/Q954H/R346T/R408S/S371F/S373P/S375F/S477N/T19I/T376A/T478K/V213G/Y505H
BF.7.22,D405N/D614G/D796Y/E484A/F486V/G142D/G339D/H655Y/K417N/L452R/N440K/N501Y/N679K/N764K/N969K/P681H/Q498R/Q954H/R346T/R408S/S371F/S373P/S375F/S477N/T19I/T376A/T478K/V213G/Y505H
BF.7.24,D405N/D614G/D796Y/E484A/F486V/G142D/H655Y/K417N/L452R/N440K/N501Y/N679K/N764K/N969K/P681H/Q498R/Q954H/R408S/S477N/T19I/T478K/V213G/Y505H
BF.7.4.1,D405N/D614G/D796Y/G142D/G339D/H655Y/K417N/N679K/N764K/N969K/P681H/Q954H/R346T/R408S/S371F/S373P/S375F/T19I/T376A/V213G
BF.7.5,D405N/D614G/D796Y/E484A/F486V/G142D/G339D/H655Y/K417N/L452R/N501Y/N679K/N764K/N969K/P681H/Q498R/Q954H/R346T/R408S/S371F/S373P/S375F/S477N/T19I/T376A/T478K/V213G/Y505H
BF.7.8,D405N/D614G/D796Y/E484A/F486V/G339D/H655Y/K417N/L452R/N501Y/N679K/N764K/N969K/P681H/Q498R/Q954H/R346T/R408S/S371F/S373P/S375F/S477N/T19I/T376A/T478K/T883I/V213G/Y505H
BF.8,D405N/D614G/D796Y/G142D/G339D/H655Y/K417N/N679K/N764K/N969K/P681H/Q954H/R408S/S371F/S373P/S375F/T19I/T376A/V213G
BG.2,D405N/D614G/D796Y/E484A/G142D/G339D/H655Y/K417N/N501Y/N679K/N764K/N969K/P681H/Q493R/Q498R/Q954H/R408S/S371F/S373P/S375F/S477N/S704L/T19I/T376A/T478K/V1264L/V213G/Y505H
BG.4,D405N/D614G/D796Y/E484A/G339D/H655Y/K417N/L452Q/N501Y/N679K/N764K/N969K/P681H/Q493R/Q498R/Q954H/R408S/S371F/S373P/S375F/S477N/S704L/T19I/T376A/T478K/V213G/Y505H
BG.5,D405N/D614G/D796Y/E484A/G142D/G339D/H655Y/K417N/L452Q/N440K/N501Y/N679K/N764K/N969K/P681H/Q493R/Q498R/Q954H/R408S/S371F/S373P/S375F/S477N/S704L/T19I/T376A/T478K/V213G/Y505H
BL.1,D405N/D574V/D614G/D796Y/E484A/F157L/F490V/G184D/G257S/G339H/G446S/H655Y/I210V/K147E/K417N/N440K/N460K/N501Y/N679K/N764K/N969K/P681H/Q498R/Q954H/R346T/R408S/S371F/S373P/S375F/S477N/T19I/T376A/T478K/V213G/W152R/Y505H
BL.2,D405N/D574V/D614G/D796Y/E484A/F157L/G257S/G339H/G446S/H655Y/I210V/K147E/K417N/N440K/N460K/N501Y/N679K/N764K/N969K/P681H/Q498R/Q954H/R346T/R408S/S371F/S373P/S375F/S477N/T19I/T376A/T478K/V213G/W152R/Y505H
BM.1.1.4,D1146H/D405N/D614G/D796Y/E484A/F157L/F486S/G339H/G446S/H655Y/I210V/K147E/K356T/K417N/N440K/N460K/N501Y/N679K/N764K/N969K/P681H/Q498R/Q954H/R346T/R408S/S371F/S373P/S375F/S477N/T19I/T376A/T478K/T572I/V213G/W152R/Y505H
BN.1,D405N/D614G/D796Y/E484A/F157L/F490S/G339H/G446S/H655Y/I210V/K147E/K356T/K417N/N460K/N501Y/N679K/N764K/N969K/P681H/Q498R/Q954H/R346T/R408S/S371F/S373P/S375F/S477N/T19I/T376A/T478K/V213G/W152R/Y505H
BN.1.1.1,D405N/D614G/D796Y/E484A/F157L/F490S/G142D/G257S/G339H/G446S/H655Y/I210V/K147E/K417N/N185D/N440K/N460K/N501Y/N679K/N764K/N969K/P681H/Q498R/Q954H/R408S/S373P/S375F/S477N/S494P/T19I/T376A/T478K/V213G/W152R/Y505H
BN.1.2,D405N/D614G/D796Y/E484A/F157L/F490S/G339H/G446S/H655Y/I210V/K147E/K356T/K417N/L5F/N440K/N460K/N501Y/N679K/N764K/N969K/P681H/Q498R/Q954H/R346T/R408S/S371F/S373P/S375F/S477N/T19I/T376A/T478K/V213G/W152R/Y505H
BN.1.2.3,D405N/D614G/D796Y/E1111Q/E484A/F157L/F490S/G142D/G257S/G339H/G446S/H655Y/I210V/K147E/K356T/K417N/N440K/N460K/N501Y/N679K/N764K/N969K/P681H/Q498R/Q954H/R346T/R408S/S371F/S373P/S375F/S477N/T19I/T376A/T478K/V213G/W152R/Y505H
BN.1.3,D405N/D614G/E484A/F157L/F490S/G339H/H655Y/I210V/K147E/K356T/K417N/N440K/N460K/N501Y/N679K/N764K/N969K/P681H/Q498R/Q954H/R346T/R408S/S371F/S373P/S375F/S477N/T19I/T376A/T478K/V213G/W152R/Y505H
BN.1.3.1,D405N/D614G/D796Y/E484A/F157L/F490S/G339H/G446S/H655Y/I210V/K147E/K356T/K417N/N460K/N501Y/N679K/N764K/N969K/P681H/Q498R/Q954H/R346T/R408S/S371F/S373P/S375F/S477N/T19I/T376A/T478K/V213G/W152R/Y505H
BN.1.5,D405N/D614G/D796Y/E484A/F157L/F490S/G257S/G339H/G446S/H655Y/I210V/K147E/K356T/K417N/N460K/N501Y/N679K/N764K/N969K/P681H/Q498R/Q954H/R346T/R408S/S371F/S373P/S375F/S477N/T19I/T376A/T478K/V213G/W152R/Y505H
BN.3.1,D405N/D614G/D796Y/E484A/F157L/F490S/G257S/G339H/G446S/H655Y/I210V/K147E/K356T/K417N/N440K/N450D/N460K/N501Y/N679K/N764K/N969K/P681H/Q498R/Q954H/R408S/S371F/S373P/S375F/S477N/T19I/T376A/T478K/V213G/W152R/Y505H
BN.6,D405N/D614G/D796Y/E484A/G446S/H655Y/N440K/N460K/N501Y/N679K/N764K/N969K/P681H/Q498R/Q954H/R408S/S477N/T19I/T478K/Y505H
BQ.1,D405N/D614G/D796Y/E484A/F486V/G142D/G339D/H655Y/K444T/L452R/N440K/N460K/N501Y/N679K/N764K/N969K/P681H/Q498R/Q954H/R408S/S371F/S373P/S375F/S477N/T19I/T376A/T478K/V213G/Y505H
BQ.1.1,D405N/D614G/D796Y/E484A/F486V/G142D/G339D/H655Y/K417N/K444T/L452R/N440K/N460K/N501Y/N679K/N764K/N969K/P681H/Q498R/Q954H/R346T/R408S/S371F/S373P/S375F/S477N/T19I/T376A/T478K/V213G/Y505H
BQ.1.1.1,D405N/D614G/D796Y/E484A/F486V/G142D/G339D/H655Y/K417N/K444T/L452R/N440K/N460K/N501Y/N679K/N764K/N969K/P681H/Q498R/Q954H/R346T/R408S/S371F/S373P/S375F/S477N/T19I/T376A/T478K/V213G/Y505H
BQ.1.1.10,D405N/D614G/D796Y/E484A/F486V/G339D/H655Y/K417N/L452R/N460K/N501Y/N679K/N764K/N969K/P681H/Q498R/Q954H/R346T/R408S/S371F/S373P/S375F/S477N/T19I/T376A/T478K/V213G/Y505H
BQ.1.1.11,D405N/D614G/D796Y/E484A/F486V/G142D/G339D/H655Y/K417N/K444T/L452R/N440K/N460K/N501Y/N679K/N764K/N969K/P681H/Q498R/Q954H/R408S/S373P/S375F/S477N/S494P/T376A/V213G/Y505H
BQ.1.1.13,D405N/D614G/D796Y/E484A/F486V/G142D/G339D/H655Y/K417N/K444T/L452R/N440K/N460K/N501Y/N679K/N764K/N969K/P681H/Q498R/Q954H/R346T/R408S/S371F/S373P/S375F/S477N/T19I/T376A/T478K/V213G/Y505H
BQ.1.1.15,D405N/D614G/D796Y/E484A/F486V/G142D/G339D/H655Y/K417N/L452R/N460K/N501Y/N679K/N764K/N969K/P681H/Q498R/Q954H/R346T/R408S/S371F/S373P/S375F/S477N/T19I/T376A/T478K/V213G/Y505H
BQ.1.1.17,D405N/D614G/D796Y/E484A/F486V/G142D/G339D/H655Y/K417N/K444T/L452R/N460K/N679K/N764K/N969K/P681H/Q498R/Q954H/R346T/R408S/S371F/S373P/S375F/S477N/T19I/T376A/T478K/V213G
BQ.1.1.18,D405N/D614G/D796Y/E484A/F486V/G142D/G339D/H655Y/K417N/K444T/L452R/N440K/N460K/N501Y/N679K/N764K/N969K/P681H/Q498R/Q954H/R346T/R408S/S371F/S373P/S375F/S477N/T19I/T376A/T478K/V213G/Y505H
BQ.1.1.21,D405N/D614G/D796Y/G142D/G339D/H655Y/K417N/N679K/N764K/N969K/P681H/R346T/R408S/S373P/S375F/T19I/T376A/V213G
BQ.1.1.22,D405N/D614G/D796Y/E484A/F486V/G142D/G339D/H655Y/L452R/N460K/N501Y/N679K/N764K/N969K/P681H/Q498R/Q954H/R346T/R408S/S371F/S373P/S375F/S477N/T19I/T376A/T478K/V213G/Y505H
BQ.1.1.23,D405N/D614G/D796Y/E484A/F486V/G142D/G339D/H655Y/K417N/K444T/L452R/N440K/N460K/N679K/N764K/N969K/P681H/Q954H/R346T/R408S/S371F/S373P/S375F/S477N/T19I/T376A/T478K/V213G
BQ.1.1.24,D405N/D614G/D796Y/E484A/F486V/G142D/H655Y/K417N/K444T/L452R/N440K/N460K/N679K/N764K/N969K/P681H/Q954H/R408S/S371F/S373P/S375F/S477N/T19I/T376A/T478K
BQ.1.1.26,D405N/D614G/D796Y/E471Q/E484A/F486V/G142D/G339D/H655Y/K417N/K444T/L452R/N440K/N460K/N501Y/N679K/N764K/N969K/P681H/Q498R/Q954H/R346T/R408S/S371F/S373P/S375F/S477N/T19I/T376A/T478K/V213G/Y505H
BQ.1.1.28,D405N/D614G/D796Y/E484A/F486V/G339D/H655Y/K417N/L452R/N460K/N501Y/N679K/N764K/N969K/P251L/P681H/Q498R/Q954H/R346T/R408S/S371F/S373P/S375F/S477N/T19I/T376A/T478K/V213G/Y505H
BQ.1.1.29,D405N/D614G/D796Y/E484A/F486V/G142D/G339D/H655Y/K417N/K444T/L452R/N440K/N460K/N501Y/N679K/N764K/N969K/P681H/Q498R/Q613H/Q954H/R346T/R408S/S371F/S373P/S375F/S477N/T19I/T376A/T478K/V213G/Y505H
BQ.1.1.3,D405N/D614G/D796Y/E484A/F486V/G142D/G339D/H655Y/K417N/K444T/L452R/N440K/N460K/N501Y/N679K/N764K/N969K/P681H/Q498R/Q954H/R346T/R408S/S371F/S373P/S375F/S477N/T19I/T376A/T478K/V213G/Y505H
BQ.1.1.31,D405N/D614G/D796Y/E484A/F486V/G142D/G339D/H655Y/K417N/K444T/L452R/N440K/N460K/N501Y/N679K/N764K/N969K/P681H/Q498R/Q954H/R346T/R408S/S256L/S371F/S373P/S375F/S477N/T19I/T376A/T478K/V213G/Y505H
BQ.1.1.32,D405N/D614G/D796Y/E484A/F486V/G339D/H655Y/K444T/L452R/M153I/N440K/N460K/N501Y/N679K/N764K/N969K/P681H/Q498R/Q954H/R346T/R408S/S371F/S373P/S375F/S477N/T19I/T376A/T478K/V213G/Y505H
BQ.1.1.36,D405N/D614G/D796Y/E484A/F486V/G142D/G339D/H655Y/K417N/K444T/L452R/N440K/N460K/N679K/N764K/N969K/P681H/Q954H/R346T/R408S/S371F/S373P/S375F/S477N/T19I/T376A/T478K/T883I/V213G
BQ.1.1.4,D405N/D614G/D796Y/E484A/F486V/G142D/G339D/H655Y/K417N/L452R/N460K/N501Y/N679K/N764K/N969K/P681H/Q498R/Q954H/R346T/R408S/S371F/S373P/S375F/S477N/T19I/T376A/T478K/V213G/Y505H
BQ.1.1.40,D405N/D614G/D796Y/E484A/F486V/G142D/G339D/H655Y/K417N/K444T/L452R/N440K/N460K/N501Y/N679K/N764K/N969K/P681H/Q498R/Q954H/R346T/R408S/S371F/S373P/S375F/S477N/T19I/T376A/T478K/V213G/Y505H
BQ.1.1.44,D253G/D405N/D614G/D796Y/E484A/F486V/G142D/G339D/H655Y/K417N/K444T/L452R/N440K/N460K/N501Y/N679K/N764K/N969K/P681H/Q498R/Q954H/R346T/R408S/S371F/S373P/S375F/S477N/T19I/T376A/T478K/V213G/Y505H
BQ.1.1.47,D614G/D796Y/G142D/H655Y/K147I/N679K/N969K/P681H/T19I/V213G
BQ.1.1.49,D405N/D614G/D796Y/E484A/F486V/G142D/G339D/H1083D/H655Y/K417N/K444T/L452R/N440K/N460K/N501Y/N679K/N764K/N969K/P681H/Q498R/Q954H/R346T/R408S/S371F/S373P/S375F/S477N/T376A/T478K/V213G/Y505H
BQ.1.1.5,D405N/D614G/D796Y/E484A/F486V/G142D/G339D/H655Y/K417N/K444T/L452R/N440K/N460K/N501Y/N679K/N764K/N969K/P681H/Q498R/Q954H/R346T/R408S/S371F/S373P/S375F/S477N/T19I/T376A/T478K/V213G/Y505H
BQ.1.1.51,D614G/D796Y/E484A/F486V/G142D/G339D/H655Y/K444T/L452R/N440K/N460K/N501Y/N679K/N969K/P681H/Q498R/Q954H/R346T/S371F/S373P/S375F/S477N/T19I/T376A/T478K/V213G/Y505H
BQ.1.1.52,D405N/D614G/D796Y/E484A/F486V/G142D/G339D/H655Y/K417N/K444T/L452R/N440K/N460K/N501Y/N679K/N764K/N969K/P681H/Q498R/Q954H/R346T/R408S/S371F/S373P/S375F/S477N/T19I/T376A/T478K/V213G/Y505H
BQ.1.1.56,D405N/D614G/D796Y/E484A/F486V/G142D/H1101Y/H655Y/K417N/K444T/L452R/N440K/N460K/N501Y/N679K/N764K/N969K/P681H/Q498R/Q954H/R408S/S477N/T19I/T478K/V213G/Y505H
BQ.1.1.6,D405N/D614G/D796Y/E484A/F486V/G142D/G339D/H655Y/K417N/K444T/L452R/N440K/N460K/N501Y/N679K/N764K/N969K/P681H/Q498R/Q954H/R346T/R408S/S371F/S373P/S375F/S477N/T19I/T376A/T478K/V213G/Y505H
BQ.1.1.60,D405N/D614G/D796Y/E484A/F486V/G142D/G339D/H655Y/K417N/K444T/L452R/N440K/N460K/N501Y/N679K/N764K/N969K/P681H/Q498R/Q954H/R346T/R408S/S371F/S373P/S375F/S477N/S691F/T19I/T376A/T478K/V213G/Y505H
BQ.1.1.66,D405N/D614G/D796Y/G142D/G339D/H655Y/K147N/K417N/N679K/N764K/N969K/P681H/Q954H/R346T/R408S/S371F/S373P/S375F/T19I/T376A/V213G
BQ.1.1.67,D405N/D614G/D796Y/G142D/G339D/H655Y/L176F/N679K/N764K/N969K/P681H/Q954H/R346T/R408S/S371F/S373P/S375F/T19I/T376A/V213G
BQ.1.1.69,D405N/D614G/D796Y/E484A/G339D/H655Y/K417N/K444T/N440K/N460K/N679K/N764K/N969K/P681H/Q498R/Q954H/R346T/R408S/S371F/S373P/S375F/S477N/T19I/T376A/T478K/V213G/Y505H
BQ.1.1.7,D405N/D614G/D796Y/E484A/F486V/G142D/G339D/H655Y/K417N/K444T/L452R/N440K/N460K/N501Y/N679K/N764K/N969K/P681H/Q498R/Q954H/R346T/R408S/S371F/S373P/S375F/S477N/T19I/T376A/T478K/V213G/Y505H
BQ.1.1.72,D405N/D614G/D796Y/E484A/F486V/G142D/G339D/H655Y/K444T/L452R/N440K/N460K/N501Y/N679K/N764K/N969K/P681H/Q498R/Q954H/R346T/R408S/S371F/S373P/S375F/S477N/T19I/T376A/T478K/V213G/Y505H
BQ.1.1.74,D405N/D614G/D796Y/E484A/F486V/G142D/G339D/H655Y/K182E/K417N/K444T/L452R/N440K/N460K/N501Y/N679K/N764K/N969K/P681H/Q498R/Q954H/R346T/R408S/S371F/S373P/S375F/S477N/T19I/T376A/T478K/V213G/Y505H
BQ.1.1.76,D405N/D614G/D796Y/E484A/F486V/G142D/G339D/H655Y/K417N/K444T/L452R/N440K/N460K/N501Y/N679K/N764K/N969K/P681H/Q498R/Q954H/R346T/R408S/S371F/S373P/S375F/S477N/T19I/T376A/T478K/V213G/Y505H
BQ.1.1.9,D405N/D614G/D796Y/E484A/F486V/G142D/G339D/H655Y/K417N/K444T/L452R/N440K/N460K/N501Y/N679K/N764K/N969K/P681H/Q498R/Q954H/R346T/R408S/S151I/S371F/S373P/S375F/S477N/T19I/T376A/T478K/V213G/Y505H
BQ.1.10,D405N/D614G/D796Y/E484A/F486V/G142D/G339D/H655Y/K417N/K444T/L452R/N440K/N460K/N501Y/N679K/N764K/N969K/P681H/Q498R/Q954H/R408S/S371F/S373P/S375F/S477N/T19I/T376A/T478K/V213G/Y505H
BQ.1.10.1,D405N/D614G/D796Y/E484A/F486V/G142D/G339D/H146L/H655Y/K417N/K444T/L452R/N440K/N460K/N501Y/N679K/N764K/N969K/P681H/Q498R/Q954H/R408S/S371F/S373P/S375F/S477N/T19I/T376A/T478K/V213G/Y505H
BQ.1.11,D405N/D614G/D796Y/E484A/F486V/G339D/H655Y/K417N/L452R/N460K/N501Y/N679K/N764K/N969K/P681H/Q498R/Q954H/R346T/R408S/S371F/S373P/S375F/S477N/T19I/T376A/T478K/V213G/Y505H
BQ.1.13,D405N/D614G/D796Y/E484A/F486V/G142D/G339D/H655Y/K417N/K444T/L452R/N440K/N460K/N501Y/N679K/N764K/N969K/P681H/Q498R/Q954H/R408S/S371F/S373P/S375F/S477N/T19I/T376A/T478K/V213G/Y505H
BQ.1.13.1,D405N/D614G/D796Y/F157L/G339D/H655Y/K444T/L452R/N440K/N460K/N679K/N764K/N969K/P681H/Q954H/R408S/S373P/S375F/T376A/V213G
BQ.1.14,D405N/D614G/D796Y/E484A/F486V/G142D/G339D/H655Y/K417N/K444T/L452R/N440K/N460K/N501Y/N679K/N764K/N969K/P681H/Q498R/Q954H/R408S/S371F/S373P/S375F/S477N/T19I/T376A/T478K/V213G/Y505H
BQ.1.18,D405N/D614G/D796Y/E484A/F486V/G142D/G339D/H655Y/K417N/K444T/L452R/N440K/N460K/N501Y/N679K/N764K/N969K/P681H/Q498R/Q954H/R346T/R408S/S371F/S373P/S375F/S477N/T19I/T376A/T478K/V213G/Y505H
BQ.1.19,D405N/D614G/D796Y/E484A/F486V/G142D/G339D/H655Y/K417N/K444T/L452R/N440K/N460K/N501Y/N679K/N764K/N969K/P681H/Q498R/Q954H/R408S/S371F/S373P/S375F/S477N/S494P/T19I/T376A/T478K/V213G/Y505H
BQ.1.2,D405N/D614G/D796Y/E484A/F486V/G142D/G339D/H655Y/I666V/K417N/K444T/L452R/N440K/N460K/N501Y/N679K/N764K/N969K/P681H/Q498R/Q954H/R408S/S371F/S373P/S375F/S477N/T19I/T376A/T478K/V213G/Y505H
BQ.1.2.1,D405N/D614G/D796Y/G142D/G339D/H655Y/I666V/K417N/N679K/N764K/N969K/P681H/Q954H/R408S/S371F/S373P/S375F/T19I/T376A/V213G
BQ.1.22,D405N/D614G/D796Y/E484A/F486V/G142D/G339D/H655Y/K417N/K444T/L452R/N440K/N460K/N501Y/N679K/N764K/N969K/P681H/Q954H/R346T/R408S/S371F/S373P/S375F/S477N/T19I/T376A/T478K/V213G
BQ.1.23,D405N/D614G/D796Y/E484A/F486V/G142D/G339D/H655Y/K417N/K444T/L452R/N440K/N460K/N501Y/N679K/N764K/N969K/P681H/Q498R/Q954H/R408S/S371F/S373P/S375F/S477N/T19I/T376A/T478K/V213G/Y505H
BQ.1.25,D405N/D614G/D796Y/E484A/F486V/G142D/G339D/H655Y/K417N/K444T/L452R/N440K/N460K/N501Y/N679K/N764K/N969K/P681H/Q498R/Q954H/R346T/R408S/S371F/S373P/S375F/S477N/T19I/T376A/T478K/T791A/V213G/Y505H
BQ.1.27,D405N/D614G/D796Y/E484A/F486V/G142D/G339D/H655Y/K444T/L452R/N440K/N460K/N501Y/N679K/N764K/N969K/P25H/P681H/Q498R/Q954H/R408S/S371F/S375F/S477N/T19I/T376A/T478K/V213G/V445A/Y505H
BQ.1.3,D405N/D614G/D796Y/E484A/E619Q/F486V/G142D/G339D/H655Y/K417N/K444T/L452R/N440K/N460K/N501Y/N679K/N764K/N969K/P681H/Q498R/Q954H/R408S/S371F/S373P/S375F/S477N/T19I/T376A/T478K/V213G/Y505H
BQ.1.3.1,D405N/D614G/D796Y/E484A/E619Q/F486V/G142D/G339D/H655Y/K417N/K444T/L452R/N440K/N460K/N501Y/N679K/N764K/N969K/P681H/Q498R/Q954H/R408S/S371F/S373P/S375F/S477N/T19I/T376A/T478K/V213G/Y505H
BQ.1.31,D405N/D614G/D796Y/E484A/F486V/G142D/G339D/H655Y/K147E/K444T/L452R/N440K/N460K/N501Y/N679K/N764K/N969K/P681H/Q498R/Q954H/R408S/S373P/S375F/S477N/T19I/T376A/T478K/V213G/Y505H
BQ.1.5,D405N/D614G/D796Y/E484A/F486V/G142D/G339D/H655Y/K417N/K444T/L452R/N460K/N501Y/N679K/N764K/N969K/P681H/Q498R/Q954H/R408S/S371F/S373P/S375F/S477N/T19I/T376A/T478K/V213G/Y505H
BQ.1.6,D405N/D614G/D796Y/E484A/F486V/G142D/G339D/H655Y/K444T/L452R/N440K/N460K/N501Y/N679K/N764K/N969K/P681H/Q498R/Q954H/R408S/S371F/S373P/S375F/S477N/T19I/T376A/T478K/V213G/Y505H
BQ.1.8,D405N/D614G/D796Y/E484A/F486V/G142D/G339D/H655Y/K417N/K444T/L452R/N440K/N460K/N501Y/N679K/N764K/N969K/P681H/Q498R/Q954H/R408S/S371F/S373P/S375F/S477N/T19I/T376A/T478K/V213G/Y505H
BQ.2,A522P/D405N/D614G/D796Y/E484A/F486V/G339D/H655Y/K417N/K444T/L452R/N440K/N501Y/N679K/N764K/N969K/P681H/Q498R/Q954H/R408S/S371F/S373P/S375F/S477N/T19I/T376A/T478K/V213G/V483I/Y505H
BW.1,D405N/D614G/D796Y/E484A/F486V/G142D/G339D/H655Y/K417N/K444T/L452R/N440K/N460K/N501Y/N679K/N764K/N969K/P681H/Q498R/Q954H/R408S/S371F/S373P/S375F/S477N/T19I/T376A/T478K/V213G/Y505H
CA.2,D1199N/D405N/D614G/D796Y/E484A/F157L/F486S/G257S/G339H/G446S/H655Y/I210V/K147E/N440K/N460K/N501Y/N679K/N764K/N969K/P681H/Q498R/Q954H/R346T/R408S/S371F/S373P/S375F/S477N/S494P/T19I/T376A/T478K/V213G/W152R/Y505H
CA.7,D1199N/D614G/D796Y/G339H/H655Y/N679K/N764K/N969K/P681H/Q954H/R346T/T19I
CH.1.1,D405N/D614G/D796Y/E484A/F157L/G339H/G446S/H655Y/I210V/K147E/L452R/N460K/N501Y/N679K/N764K/N969K/P681H/Q498R/Q954H/R346T/R408S/S477N/T19I/T478K/V213G/W152R/Y505H
CH.1.1.1,D405N/D614G/D796Y/E484A/F157L/F486S/G142D/G257S/G339H/G446S/H655Y/I210V/K147E/K417N/K444T/L452R/N185D/N440K/N460K/N501Y/N679K/N764K/N969K/P681H/Q498R/Q954H/R346T/R408S/S371F/S373P/S375F/S477N/T19I/T376A/T478K/V213G/W152R/Y505H
CH.1.1.11,D405N/D614G/D796Y/E484A/F157L/F486S/G142D/G257S/G339H/G446S/H655Y/I210V/K147E/K417N/K444T/L452R/N185D/N440K/N460K/N501Y/N679K/N764K/N969K/P681H/Q498R/Q954H/R346T/R408S/S371F/S373P/S375F/S477N/T19I/T376A/T478K/V213G/W152R/Y505H
CH.1.1.24,D405N/D614G/D796Y/E484A/F157L/F486S/G142D/G257S/G339H/G446S/H655Y/I210V/K147E/K417N/K444T/L452R/N440K/N460K/N501Y/N679K/N764K/N969K/P681H/Q498R/Q954H/R346T/R408S/S371F/S373P/S375F/S477N/T19I/T376A/T478K/V213G/W152R/Y505H
CH.1.1.28,D405N/D614G/D796Y/E484A/F157L/F486S/G142D/G257S/G339H/G446S/H655Y/I210V/K147E/K417N/K444T/L452R/N440K/N460K/N501Y/N679K/N764K/N969K/P681H/Q498R/Q954H/R346T/R408S/S371F/S373P/S375F/S477N/T19I/T376A/T478K/T676A/V213G/W152R/Y505H
CJ.1.2,D405N/D614G/D796Y/E484A/F157L/F486P/F490S/G257S/G339H/G446S/H655Y/I210V/K147E/K417N/N440K/N460K/N501Y/N679K/N764K/N969K/P681H/Q498R/Q954H/R346T/R408S/S371F/S373P/S375F/S477N/T19I/T376A/T478K/V213G/W152R/Y505H
CK.1.2,D405N/D614G/D796Y/E484A/F486V/G142D/G181V/G339D/H655Y/K444N/L452R/N440K/N460K/N501Y/N679K/N764K/N969K/P25H/P681H/Q498R/Q954H/R408S/S371F/S373P/S375F/S477N/T19I/T376A/T478K/V213G/Y505H
CK.1.4,D405N/D614G/D796Y/E484A/F486V/G142D/G339D/H655Y/K444N/L452R/N440K/N460K/N501Y/N679K/N764K/N969K/P681H/Q498R/Q954H/R408S/S371F/S373P/S375F/S477N/T19I/T376A/T478K/V213G/Y505H
CK.2.1,D405N/D614G/D796Y/H655Y/N679K/N764K/N969K/P681H/Q954H/T19I/V213G
CK.2.1.1,D614G/D796Y/E484A/F486V/G142D/G339D/H655Y/K444N/L452R/N440K/N460K/N501Y/N679K/N764K/N969K/P681H/Q498R/Q954H/S255F/S477N/T19I/T478K/V213G/Y505H
CK.3,D405N/D614G/D796Y/E484A/F486V/G142D/G339D/H655Y/K417N/K444N/L452R/N440K/N460K/N501Y/N679K/N764K/N969K/P681H/Q498R/Q954H/R408S/S371F/S373P/S375F/S477N/T19I/T376A/T478K/V213G/Y505H
CL.1,D405N/D614G/D796Y/E484A/F486V/G142D/G339D/H655Y/K150E/K417N/K444N/L452R/N440K/N460K/N501Y/N679K/N764K/N969K/P681H/Q498R/Q954H/R408S/S371F/S373P/S375F/S477N/T19I/T376A/T478K/V213G/Y505H
CN.1,D405N/D614G/D796Y/E484A/F486V/G142D/G339D/H655Y/K417N/L452R/N450D/N501Y/N679K/N764K/N969K/P681H/Q498R/Q954H/R408S/S371F/S373P/S375F/S477N/T19I/T376A/T478K/V213G/Y505H
CP.1,A879V/D405N/D614G/D796Y/E484A/F486V/G339D/G446R/H655Y/K417N/L452R/N440K/N501Y/N679K/N764K/N969K/P681H/Q498R/Q954H/R346T/R408S/S371F/S373P/S375F/S477N/T19I/T376A/T478K/V213G/Y505H
CQ.1,D405N/D614G/D796Y/E484A/F486V/G142D/G339D/H655Y/K417N/K444R/L452R/N440K/N501Y/N679K/N764K/N969K/P209L/P681H/Q498R/Q954H/R346T/R408S/S371F/S373P/S375F/S477N/T19I/T376A/T478K/V213G
CV.1,D405N/D614G/D796Y/E484A/F157L/F486S/G142D/G257S/G339H/G446S/H655Y/I210V/K147E/L452R/N440K/N460K/N501Y/N679K/N764K/N969K/P681H/Q498R/Q954H/R346T/R408S/S371F/S373P/S375F/S477N/T19I/T376A/T478K/V213G/W152R/Y505H
CV.2,D405N/D614G/D796Y/E484A/F157L/F486P/G257S/G339H/G446S/H655Y/I210V/K147E/K417N/N440K/N460K/N501Y/N679K/N764K/N969K/P681H/Q498R/Q954H/R346T/R408S/S371F/S373P/S375F/S477N/T19I/T376A/T478K/V213G/W152R/Y505H
DE.2,D405N/D614G/D796Y/E484A/F486V/G142D/G339D/H655Y/K417N/K444T/L452R/N440K/N460K/N501Y/N679K/N764K/N969K/P681H/Q498R/Q954H/R408S/S371F/S373P/S375F/S477N/T19I/T376A/T478K/V213G/Y505H
DF.1,A262S/D405N/D614G/D796Y/E484A/F486V/G142D/G339D/H655Y/K417N/L452R/N440K/N501Y/N679K/N764K/N969K/P681H/Q498R/Q954H/R346T/R408S/S371F/S373P/S375F/S477N/T19I/T376A/T478K/V213G/Y505H
DJ.1.1,D405N/D614G/D796Y/G339D/H655Y/K417N/N679K/N764K/N969K/P681H/Q954H/R408S/S371F/S373P/S375F/T19I/T376A/V213G
DJ.1.3,D405N/D614G/D796Y/E484A/F486V/G142D/G339D/H655Y/K417N/K444N/L452R/N440K/N460K/N501Y/N679K/N764K/N969K/P681H/Q498R/Q954H/R408S/S371F/S373P/S375F/S477N/T19I/T376A/T478K/V213G/Y505H
DL.1,D405N/D614G/D796Y/E484A/F486V/G142D/G339D/H655Y/K417N/K444N/L452R/N440K/N460K/N501Y/N679K/N764K/N969K/P681H/Q498R/Q677H/Q954H/R408S/S371F/S373P/S375F/S477N/T19I/T376A/T478K/V213G/Y505H
DS.2,D405N/D614G/D796Y/E484A/F157L/F490S/G142D/G257S/G339H/G446S/H655Y/I210V/K147E/K356T/K417N/N440K/N460K/N501Y/N679K/N764K/N969K/P681H/Q498R/Q954H/R346T/R408S/S371F/S373P/S375F/S477N/T19I/T376A/T478K/T572I/V213G/W152R/Y505H
DT.1,D614G/D796Y/G142D/N679K/N969K/P681H/T19I
DV.3,D614G/D796Y/F157L/H655Y/I210V/K147E/N185D/N679K/N764K/N969K/P681H/Q954H/T19I/V213G/W152R
DV.3.1,D405N/D614G/D796Y/F157L/G339H/G446S/H655Y/I210V/K147E/K417N/K444T/L452R/N185D/N440K/N460K/N501Y/N679K/N764K/N969K/P681H/Q498R/Q954H/R408S/S373P/S375F/T19I/T376A/V213G/W152R/Y505H
DV.7.1,D405N/D614G/D796Y/E484A/F157L/F456L/F486S/G142D/G257S/G339H/G446S/H655Y/I210V/K147E/K417N/K444T/L452R/L455F/L858I/N185D/N440K/N460K/N501Y/N679K/N764K/N969K/P681H/Q498R/Q954H/R346T/R408S/S371F/S373P/S375F/S477N/T19I/T478K/V213G/W152R/Y505H
DV.7.1.2,D405N/D614G/D796Y/E484A/F157L/F456L/F486S/G142D/G257S/G339H/G446S/H655Y/I210V/K147E/K417N/K444T/L452R/L455F/L858I/N185D/N440K/N460K/N501Y/N679K/N764K/N969K/P681H/Q498R/Q954H/R346T/R408S/S371F/S373P/S375F/S477N/T19I/T376A/T478K/V213G/W152R/Y505H
ED.2,D405N/D614G/D796Y/E484A/F486V/G142D/G339D/H655Y/K417N/K444T/L452R/N440K/N460K/N501Y/N679K/N764K/N969K/P681H/Q498R/Q954H/R346T/S371F/S373P/S375F/S477N/T19I/T376A/T478K/T883I/V213G/Y505H
EE.2,D405N/D614G/D796Y/E484A/F486V/G142D/G339D/H655Y/K417N/N501Y/N679K/N969K/P681H/Q498R/Q954H/R346T/S371F/S373P/S375F/S477N/T19I/T376A/T478K/V213G/Y505H
EE.3,D614G/D796Y/H655Y/N679K/N764K/N969K/P681H/Q954H/T19I/V213G
EE.4,D405N/D614G/D796Y/E484A/F486V/G142D/G339D/H655Y/K417N/K444T/L452R/N440K/N460K/N501Y/N679K/N764K/N969K/P681H/Q498R/Q52H/Q954H/R346T/R408S/S371F/S373P/S375F/S477N/T19I/T376A/T478K/V213G/Y505H
EF.1,D405N/D614G/D796Y/E484A/F486V/G142D/G339D/H655Y/K417N/K444T/L452R/N440K/N460K/N501Y/N679K/N764K/N969K/P681H/Q498R/Q954H/R346T/R408S/S371F/S373P/S375F/S477N/T19I/T376A/T478K/V213G/Y505H
EF.1.1,D405N/D614G/D796Y/E484A/F486V/G142D/G339D/H655Y/K417N/K444T/L452R/N440K/N460K/N501Y/N679K/N764K/N969K/P681H/Q498R/Q954H/R346T/R408S/S371F/S373P/S375F/S477N/T19I/T376A/T478K/V213G/Y505H
EF.1.1.1,D405N/D614G/D796Y/E484A/F157L/F486V/G142D/G339D/H655Y/K417N/K444T/L452R/N440K/N460K/N501Y/N679K/N764K/N969K/P681H/Q498R/Q954H/R346T/R408S/S371F/S373P/S375F/S477N/T19I/T376A/T478K/V213G/Y505H
EG.1,D405N/D614G/D796Y/E484A/F486P/F490S/G142D/G252V/G339H/G446S/H146Q/H655Y/L368I/N440K/N460K/N501Y/N679K/N764K/N969K/P681H/Q183E/Q498R/Q613H/Q954H/R408S/S371F/S373P/S375F/S477N/T19I/T376A/T478K/V213E/V445P/V83A/Y505H
EG.1.6,D405N/D614G/D796Y/E484A/F486P/F490S/G142D/G252V/G339H/G446S/H146Q/H655Y/L368I/N440K/N460K/N501Y/N679K/N764K/N969K/P681H/Q183E/Q498R/Q613H/Q954H/S371F/S373P/S375F/S477N/T19I/T376A/T478K/V213E/V445P/V83A/Y505H
EG.1.7,D405N/D614G/D796Y/E484A/F486P/F490S/G142D/G252V/G339H/G446S/H146Q/H655Y/K417N/L368I/N440K/N501Y/N679K/N764K/N969K/P681H/Q183E/Q498R/Q613H/Q954H/R346T/R408S/S371F/S373P/S375F/T19I/T376A/V213E/V445P/V83A/Y505H
EG.2,D405N/D614G/D796Y/E484A/F486P/F490S/G142D/G252V/G339H/G446S/H146Q/H655Y/K417N/L368I/N440K/N460K/N501Y/N679K/N764K/N969K/P230T/P681H/Q183E/Q498R/Q954H/R346T/R408S/S371F/S373P/S375F/S477N/T19I/T376A/T478R/V213E/V445P/V83A/Y505H
EG.4,D614G/D796Y/E484A/F486P/F490S/G142D/G252V/G339H/G446S/H146Q/H655Y/N440K/N460K/N501Y/N679K/N764K/N969K/P681H/Q183E/Q498R/Q954H/S477N/T19I/T478K/V213E/V445P/V83A/Y505H
EG.5.1,D405N/D614G/D796Y/E484A/F456L/F486P/F490S/G142D/G252V/G339H/G446S/H146Q/H655Y/K417N/L368I/N440K/N460K/N501Y/N679K/N764K/N969K/P681H/Q183E/Q498R/Q52H/Q954H/R346T/R408S/S371F/S373P/S375F/S477N/T19I/T376A/T478K/V213E/V445P/V83A/Y505H
EG.5.1.1,D405N/D614G/D796Y/E484A/F456L/F486P/F490S/G142D/G252V/G339H/G446S/H146Q/H655Y/K417N/L368I/N440K/N460K/N501Y/N679K/N764K/N969K/P681H/Q183E/Q498R/Q52H/Q954H/R346T/R408S/S371F/S373P/S375F/S477N/T19I/T376A/T478K/V213E/V445P/V83A/Y505H
EG.5.1.2,D405N/D614G/D796Y/E484A/F456L/F486P/F490S/G142D/G339H/G446S/H146Q/H655Y/K417N/L368I/N440K/N460K/N501Y/N679K/N969K/P681H/Q183E/Q498R/Q52H/Q954H/R346T/R408S/S371F/S373P/S375F/S477N/T19I/T376A/T478K/T76A/V213E/V445P/V83A/Y505H
EG.5.1.3,D405N/D614G/D796Y/E484A/F456L/F486P/F490S/G142D/G339H/G446S/H146Q/H655Y/K417N/L368I/N440K/N460K/N501Y/N679K/N764K/N969K/P681H/Q183E/Q498R/Q52H/Q954H/R346T/R408S/S371F/S373P/S375F/S477N/T19I/T376A/T478K/V213E/V445P/V83A/Y505H
EG.5.1.4,D405N/D614G/D796Y/E484A/F456L/F486P/F490S/G142D/G252V/G339H/G446S/H146Q/H655Y/L368I/N440K/N460K/N501Y/N679K/N764K/N969K/P681H/Q183E/Q498R/Q52H/Q954H/R408S/S371F/S373P/S375F/S477N/T19I/T376A/T478K/V213E/V445P/V83A/Y505H
EG.5.1.5,D405N/D614G/D796Y/E484A/F456L/F486P/F490S/G142D/G339H/G446S/H146Q/H655Y/K417N/L368I/N440K/N460K/N501Y/N679K/N764K/N969K/P681H/Q183E/Q498R/Q52H/Q954H/R346T/R408S/S371F/S373P/S375F/S477N/T19I/T376A/T478K/V213E/V445P/V83A/Y505H
EG.5.1.6,D405N/D614G/D796Y/E484A/F157L/F456L/F486P/F490S/G142D/G252V/G339H/G446S/H146Q/H655Y/K417N/L368I/N440K/N460K/N501Y/N679K/N764K/N969K/P681H/Q183E/Q498R/Q52H/Q954H/R346T/R408S/S371F/S373P/S375F/S477N/T19I/T376A/T478K/V213E/V445P/V83A/Y505H
EG.5.2,D405N/D614G/D796Y/E484A/F456L/F486P/F490S/G142D/G252V/G339H/G446S/H146Q/H655Y/K417N/N440K/N460K/N501Y/N679K/N764K/P681H/Q183E/Q498R/R346T/R408S/S477N/T19I/T478K/V213E/V445P/V83A/Y505H
EG.6,D405N/D614G/D796Y/E484A/E554K/F486P/F490S/G142D/G252V/G339H/G446S/H146Q/H655Y/K417N/L368I/N440K/N460K/N501Y/N679K/N764K/N969K/P681H/Q183E/Q498R/Q954H/R346T/R408S/S371F/S373P/S375F/S477N/T19I/T376A/T478K/V213E/V445P/V83A/Y505H
EG.6.1.1,D405N/D614G/D796Y/E484K/F456L/F486P/F490S/G142D/G252V/G339H/G446S/H146Q/H655Y/K417N/L242I/L368I/N440K/N460K/N679K/N764K/N969K/P681H/Q183E/Q954H/R346T/R408S/S371F/S373P/S375F/S477N/T19I/T376A/T478K/V213E/V445P
EU.1.1.1,D614G/D796Y/E484A/F486P/G252V/G339H/G446S/H146Q/H655Y/N440K/N460K/N679K/N764K/N969K/P681H/Q183E/Q954H/S477N/T19I/T478K/V213E/V445P/V83A
EY.1,D405N/D614G/D796Y/E484A/F157L/F486V/G142D/G339D/H655Y/K417N/K444T/L452R/N440K/N460K/N501Y/N679K/N764K/N969K/P681H/Q498R/Q613H/Q954H/R346T/R408S/S371F/S373P/S375F/S477N/T19I/T376A/T478K/V213G/Y505H
EZ.1,D405N/D614G/D796Y/E484A/F486V/G142D/G339D/H655Y/K417N/K444T/L452R/N440K/N460K/N501Y/N679K/N764K/N969K/P681H/Q498R/Q613H/Q954H/R346T/R408S/S247N/S371F/S373P/S375F/S477N/T19I/T376A/T478K/V213G/Y248S/Y505H
FD.2,D405N/D614G/D796Y/E484A/F486P/F490S/G142D/G339H/H146Q/H655Y/L368I/N501Y/N679K/N969K/P681H/Q183E/Q498R/Q954H/R346T/S371F/S373P/S375F/S477N/T19I/T376A/T478K/V213E/V83A/Y505H
FD.4.1,D614G/D796Y/G142D/H655Y/N679K/N764K/N969K/P681H/Q183E/Q954H/T19I/V213E/V83A
FE.1,D405N/D614G/D796Y/E484A/F456L/F486P/F490S/G142D/G252V/G339H/G446S/H146Q/H655Y/N440K/N460K/N501Y/N679K/N764K/N969K/P681H/Q183E/Q954H/S477N/T19I/T478K/V213E/V445P/V83A
FE.1.1,D405N/D614G/D796Y/E484A/F456L/F486P/F490S/G142D/G252V/G339H/G446S/H146Q/H655Y/N440K/N460K/N501Y/N679K/N764K/N969K/P681H/Q183E/Q498R/Q954H/R408S/S373P/S375F/S477N/T19I/T376A/T478K/V213E/V445P/V83A/Y505H
FE.1.1.1,D405N/D614G/D796Y/E484A/F486P/F490S/G142D/G252V/G339H/H146Q/H655Y/N501Y/N679K/N764K/N969K/P681H/Q183E/Q498R/Q954H/R346T/S373P/S375F/S477N/T19I/T376A/T478K/V213E/V83A/Y505H
FE.1.1.2,D405N/D614G/D796Y/E484A/F456L/F486P/F490S/G142D/G252V/G339H/G446S/H146Q/H655Y/K1086R/L368I/N440K/N460K/N501Y/N679K/N764K/N969K/P681H/Q183E/Q498R/Q954H/R408S/S371F/S373P/S375F/S477N/T19I/T376A/T478K/V213E/V445P/V83A/Y505H
FE.1.1.4,D405N/D614G/D796Y/E484A/F456L/F486P/F490S/G142D/G252V/G339H/G446S/H146Q/H655Y/L368I/N440K/N460K/N501Y/N679K/N764K/N969K/P681H/Q183E/Q498R/Q954H/R408S/S371F/S373P/S375F/S477N/T19I/T376A/T478K/V213E/V445P/V83A/Y505H
FE.1.2,D405N/D614G/D796Y/E484A/F456L/F486P/F490S/G142D/G252V/G339H/G446S/H146Q/H655Y/L368I/N440K/N460K/N501Y/N679K/N764K/N969K/P681H/Q183E/Q498R/Q954H/R408S/S371F/S373P/S375F/S477N/T19I/T376A/T478K/V213E/V445P/V83A/Y505H
FH.1,D405N/D614G/D796Y/E484A/F486P/F490S/G142D/G252V/G339H/H146Q/H655Y/L368I/N460K/N501Y/N679K/N764K/N969K/P681H/Q183E/Q498R/Q954H/R346T/S256L/S371F/S373P/S375F/S477N/T19I/T376A/T478K/T883I/V213E/V83A/Y505H
FK.1.1,D215G/D405N/D614G/D796Y/E484A/F157L/F486S/G142D/G257S/G339H/G446S/H655Y/I210V/K147E/K417N/K444T/N440K/N501Y/N679K/N764K/N969K/P681H/Q498R/Q613H/Q954H/R346T/R408S/S371F/S373P/S375F/T19I/T376A/V213G/W152R/Y505H
FL.1.3,A701V/D405N/D614G/D796Y/E484A/F486P/F490S/G142D/G252V/G339H/G446S/H146Q/H655Y/K417N/L368I/N440K/N460K/N501Y/N679K/N764K/N969K/P681H/Q183E/Q498R/Q954H/R346T/R408S/S371F/S373P/S375F/S477N/T19I/T376A/T478K/V213E/V445P/V83A/Y505H
FL.1.5.1,A701V/D405N/D614G/D796Y/E484A/F456L/F486P/F490S/G142D/G252V/G339H/G446S/H146Q/H655Y/K417N/L368I/N440K/N460K/N501Y/N679K/N764K/N969K/P681H/Q183E/Q498R/Q954H/R346T/R408S/S371F/S373P/S375F/S477N/T19I/T376A/T478R/V213E/V445P/V83A/Y505H
FL.10.2,D405N/D614G/D796Y/E484A/F486P/F490S/G142D/G252V/G339H/G446S/H146Q/H655Y/K356T/K417N/L368I/N440K/N460K/N501Y/N679K/N764K/N969K/P681H/Q183E/Q498R/Q954H/R346T/R408S/S371F/S373P/S375F/S477N/T19I/T376A/T478K/T523N/V213E/V445P/V83A/Y505H
FL.13,D405N/D614G/D796Y/E484A/F486P/G142D/G252V/G339H/G446S/H655Y/N440K/N501Y/N679K/N764K/N969K/P681H/Q183E/Q498R/Q954H/R408S/S373P/S375F/T19I/T376A/V213E/V445P/V83A/Y505H
FL.13.3,D614G/D796Y/E484A/F486P/F490S/G142D/G446S/H146Q/H655Y/N440K/N460K/N501Y/N679K/N764K/N969K/P681H/Q183E/Q498R/Q954H/S477N/T19I/T478K/V213E/V445P/V83A/Y505H
FL.15,D405N/D614G/D796Y/E484A/F456L/F486P/F490S/G142D/G252V/G339H/G446S/H146Q/H655Y/K417N/L368I/N440K/N460K/N501Y/N679K/N764K/N969K/P681H/Q183E/Q498R/Q954H/R346T/R408S/S371F/S373P/S375F/S477N/T19I/T376A/T478K/V213E/V445P/V83A/Y505H
FL.18,D405N/D614G/D796Y/E484A/F486P/F490S/G142D/G252V/G339H/G446S/H146Q/H655Y/K417N/L368I/N440K/N460K/N501Y/N679K/N764K/N969K/P681H/Q183E/Q498R/Q954H/R346T/R408S/S371F/S373P/S375F/S477N/T376A/T478K/V213E/V445P/V83A/Y505H
FL.26,D405N/D614G/D796Y/E484A/F486P/F490S/G142D/G252V/G339H/G446S/H146Q/H655Y/K417N/L368I/N440K/N460K/N501Y/N679K/N764K/N969K/P681H/Q183E/Q498R/Q954H/R346T/R408S/S371F/S373P/S375F/S477N/T19I/T376A/T478K/V213E/V445P/V83A/Y505H
FL.27,D614G/D796Y/G252V/H146Q/H655Y/N501Y/N679K/N764K/N969K/P681H/Q183E/Q498R/Q954H/T19I/V213E/V83A/Y505H
FL.4,D405N/D614G/D796Y/E484A/F486P/F490S/G142D/G252V/G339H/G446S/H146Q/H655Y/K417N/N440K/N460K/N501Y/N679K/N969K/P681H/Q183E/Q498R/Q954H/R408S/S477N/T19I/T478K/V213E/V445P/V83A/Y505H
FT.1,D405N/D614G/D796Y/E484A/F486P/F490S/G142D/G446S/H146Q/H655Y/I197V/K417N/N440K/N460K/N501Y/N679K/N969K/P681H/Q183E/Q498R/Q954H/R408S/S477N/T19I/T478K/V213E/V445P/V83A/Y505H
FU.1,D405N/D614G/D796Y/E180V/E484A/F486P/F490S/G142D/G339H/G446S/H146Q/H655Y/K417N/L368I/N440K/N460K/N501Y/N679K/N764K/N969K/P681H/Q183E/Q498R/Q954H/R346T/R408S/S371F/S373P/S375F/S477N/T19I/T376A/T478R/T547I/V213E/V445P/V83A/Y505H
FU.2,D405N/D614G/D796Y/E180V/E484A/F486P/F490S/G142D/G339H/G446S/H146Q/H655Y/K417N/L368I/N440K/N460K/N501Y/N679K/N764K/N969K/P681H/Q183E/Q498R/Q954H/R346T/R408S/S371F/S373P/S375F/S477N/T19I/T376A/T478R/T547I/V213E/V445P/V83A/Y505H
FY.2,D405N/D614G/D796Y/E484A/F486P/F490S/G142D/G252V/G339H/G446S/H146Q/H655Y/I197T/K417N/L368I/N440K/N460K/N501Y/N679K/N764K/N969K/P681H/Q183E/Q498R/Q954H/R346T/R408S/S371F/S373P/S375F/S477N/T19I/T376A/T478K/V213E/V445P/V83A/Y200C/Y505H
FY.4.1,D614G/D796Y/G142D/G252V/H146Q/H655Y/N679K/N764K/N969K/P681H/Q183E/Q954H/S50L/T19I/V213E/V83A/Y200C
GE.1,D253G/D405N/D614G/D796Y/E484A/F486P/G142D/G339H/G446S/H146Q/H655Y/K417N/L368I/N440K/N460K/N501Y/N679K/N764K/N969K/P521S/P681H/Q183E/Q954H/R346T/R408S/S371F/S373P/S375F/S477N/T19I/T376A/T478R/V213E/V445P/V83A/Y505H
GH.1,D614G/D796Y/E484A/F486S/F490S/G142D/H146Q/H655Y/N501Y/N679K/N969K/P521S/P681H/Q183E/Q498R/Q954H/S477N/T19I/T478K/V213E/V83A/Y505H
GJ.1.2,D253G/D405N/D614G/D796Y/E484A/F486P/F490S/G142D/G339H/G446S/H146Q/H655Y/K182N/K417N/L368I/N440K/N460K/N501Y/N679K/N764K/N969K/P521S/P681H/Q183E/Q498R/Q954H/R346T/R408S/S371F/S373P/S375F/S477N/T19I/T376A/T478K/V213E/V445P/V83A/Y505H
GJ.4,D614G/D796Y/E484A/F486P/F490S/G142D/H146Q/H655Y/K182N/M153I/N501Y/N679K/N764K/N969K/P521S/P681H/Q183E/Q498R/Q954H/S477N/T19I/T478K/V213E/V83A/Y505H
GJ.5,D253G/D405N/D614G/D796Y/E484A/F486P/F490S/G142D/G339H/G446S/H146Q/H655Y/K182N/K417N/K444N/L368I/N440K/N460K/N501Y/N679K/N764K/N969K/P521S/P681H/Q183E/Q498R/Q954H/R346T/R408S/S371F/S373P/S375F/S477N/T19I/T376A/T478R/V213E/V445P/V83A/Y505H
GK.1,D405N/D614G/D796Y/E484A/F456L/F486P/F490S/G142D/G252V/G339H/G446S/H146Q/H655Y/K417N/L368I/L455F/N440K/N460K/N501Y/N679K/N764K/N969K/P681H/Q183E/Q498R/Q954H/R346T/R408S/S371F/S373P/S375F/S477N/S704L/T19I/T376A/T478K/V213E/V445P/V83A/Y505H
GK.1.1,D405N/D614G/D796Y/E484A/F456L/F486P/F490S/G142D/G252V/G339H/G446S/H146Q/H655Y/K417N/L368I/L455F/N440K/N460K/N501Y/N679K/N764K/N969K/P681H/Q183E/Q498R/Q954H/R346T/R408S/S371F/S373P/S375F/S477N/S704L/T19I/T376A/T478K/T573I/V213E/V445P/V83A/Y505H
GK.1.2,D405N/D614G/D796Y/E484A/F456L/F486P/F490S/G142D/G252V/G339H/G446S/H146Q/H655Y/K417N/L368I/L455F/N185D/N440K/N460K/N501Y/N679K/N764K/N969K/P681H/Q183E/Q498R/Q954H/R346T/R408S/S371F/S373P/S375F/S477N/S704L/T19I/T376A/T478K/V213E/V445P/V83A/Y505H
GK.1.4,D405N/D614G/D796Y/E484A/F456L/F486P/F490S/G142D/G252V/G339H/G446S/H146Q/H655Y/K417N/L368I/L455F/N440K/N460K/N501Y/N679K/N764K/N969K/P681H/Q183E/Q498R/Q954H/R346T/R408S/S371F/S373P/S375F/S477N/S704L/S98F/T19I/T376A/T478R/V213E/V445P/V83A/Y505H
GK.2.1,D405N/D614G/D796Y/E484A/F486P/F490S/G142D/G252V/G339H/H146Q/H655Y/L368I/N501Y/N679K/N764K/N969K/P681H/Q183E/Q498R/Q954H/R346T/S371F/S373P/S375F/S477N/T19I/T376A/T478K/V213E/V511I/V83A/Y505H
GK.3,D405N/D614G/D796Y/E484A/F456L/F486P/F490S/G142D/G252V/G339H/G446S/H146Q/H655Y/K417N/L368I/L455F/N440K/N460K/N679K/N764K/N969K/P681H/Q183E/Q954H/R408S/S371F/S373P/S375F/S477N/T19I/T376A/T478K/V213E/V445P/V83A
GN.1,D405N/D614G/D796Y/E484A/F456L/F486P/F490S/G142D/G252V/G339H/G446S/H146Q/H655Y/K417N/L368I/N440K/N460K/N501Y/N679K/N764K/N969K/P681H/Q183E/Q498R/Q954H/R346T/R408S/S371F/S373P/S375F/S477N/T19I/T376A/T478K/V213E/V445P/V83A/Y505H
GS.4,D253G/D405N/D614G/D796Y/E484A/F486P/F490S/G142D/G339H/G446S/H146Q/H655Y/K417N/L368I/N440K/N460K/N501Y/N679K/N764K/N969K/P521S/P681H/Q183E/Q498R/Q954H/R346T/R408S/S371F/S373P/S375F/S477N/T19I/T376A/T478R/V213E/V445P/V83A/Y505H
HA.1,D405N/D614G/D796Y/E484A/F456L/F486P/F490S/G142D/G252V/G339H/G446S/H146Q/H655Y/K417N/L368I/N440K/N460K/N501Y/N679K/N764K/N969K/P681H/Q183E/Q498R/Q954H/R346T/R408S/S371F/S373P/S375F/S477N/T19I/T376A/T478K/V213E/V445P/V83A/Y505H
HA.2,D405N/D614G/D796Y/E484A/F486P/F490S/G142D/G252V/G339H/G446S/H146Q/H655Y/K417N/L368I/N440K/N460K/N501Y/N679K/N764K/N969K/P521S/P681H/Q183E/Q498R/Q954H/R408S/S371F/S373P/S375F/S477N/T19I/T376A/T478K/V213E/V445P/V83A/Y505H
HF.1,D178G/D405N/D614G/D796Y/E180V/E484A/F486P/F490S/G142D/G252V/G339H/G446S/H146Q/H655Y/K304N/K417N/L368I/N440K/N460K/N501Y/N679K/N764K/N969K/P681H/Q183E/Q498R/Q954H/R346T/R408S/S371F/S373P/S375F/S477N/T19I/T376A/T478R/V213E/V445P/V83A/Y505H
HH.1,D614G/D796Y/E484A/F486P/F490S/G142D/G184V/H146Q/H655Y/N501Y/N679K/N764K/N969K/P521S/P681H/Q183E/Q498R/Q954H/S477N/T19I/T478K/V213E/V83A/Y505H
HK.11,D405N/D614G/D796Y/E484A/F456L/F486P/F490S/G142D/G184S/G252V/G339H/G446S/H146Q/H655Y/K417N/L368I/N440K/N460K/N501Y/N679K/N764K/N969K/P681H/Q183E/Q498R/Q52H/Q954H/R346T/R408S/S371F/S373P/S375F/S477N/T19I/T376A/T478K/V213E/V445P/V83A/Y505H
HK.2,D405N/D614G/D796Y/E484A/F456L/F486P/F490S/G142D/G252V/G446S/H146K/H655Y/K417N/N440K/N460K/N501Y/N679K/N764K/P681H/Q14H/Q183E/Q498R/Q52H/R408S/S477N/T19I/T478K/V213E/V445P/V83A/Y505H
HK.3,D614G/D796Y/E484A/F456L/F486P/F490S/G142D/G252V/G446S/H146Q/H655Y/K417N/L455F/N440K/N460K/N501Y/N679K/N764K/N969K/P681H/Q183E/Q498R/Q52H/Q954H/R408S/S477N/T19I/T478K/V213E/V445P/V83A/Y505H
HK.3.2,D405N/D614G/D796Y/E484A/F456L/F486P/F490S/G142D/G252V/G339H/G446S/H146Q/H655Y/K417N/L368I/L455F/N148S/N440K/N460K/N501Y/N679K/N764K/N969K/P681H/Q14K/Q183E/Q498R/Q52H/Q954H/R346T/R408S/S371F/S373P/S375F/S477N/T19I/T376A/T478K/V213E/V445P/V83A/Y505H
HK.6,D253G/D405N/D614G/D796Y/E484A/F456L/F486P/F490S/G142D/G252V/G339H/G446S/H146Q/H655Y/K417N/L368I/N440K/N460K/N501Y/N679K/N764K/N969K/P681H/Q183E/Q498R/Q52H/Q954H/R346T/R408S/S371F/S373P/S375F/S477N/T19I/T376A/T478K/V213E/V445P/V83A/Y505H
HV.1,D405N/D614G/D796Y/E484A/F157L/F456L/F486P/F490S/G142D/G252V/G339H/G446S/H146Q/H655Y/K417N/L368I/L452R/N440K/N460K/N501Y/N679K/N764K/N969K/P681H/Q183E/Q498R/Q52H/Q954H/R346T/R408S/S371F/S373P/S375F/S477N/T19I/T376A/T478K/V213E/V445P/V83A/Y505H
HZ.2,D405N/D614G/D796Y/E484A/F486P/F490S/G142D/G252V/G339H/G446S/H146Q/H655Y/I231V/K417N/L368I/N440K/N460K/N501Y/N679K/N764K/N969K/P521T/P681H/Q183E/Q498R/Q954H/R346T/R408S/S371F/S373P/S375F/S477N/T19I/T376A/T478K/T51I/V213E/V445P/V83A/Y505H
JD.1,D405N/D614G/D796Y/E484A/F456L/F486P/F490S/G142D/G252V/G339H/G446S/H146Q/H655Y/K417N/L368I/L455F/N440K/N460K/N501Y/N679K/N764K/N969K/P681H/Q183E/Q498R/Q954H/R346T/R408S/S371F/S373P/S375F/S477N/T19I/T376A/T478K/V213E/V445P/V83A/Y505H
JD.1.1,A475V/D405N/D614G/D796Y/E484A/F456L/F486P/F490S/G142D/G252V/G339H/G446S/H146Q/H655Y/K417N/L368I/L455F/N440K/N460K/N501Y/N679K/N764K/N969K/P681H/Q183E/Q498R/Q954H/R346T/R408S/S371F/S373P/S375F/S477N/T19I/T376A/T478K/V213E/V445P/V83A/Y505H
JD.1.1.1,A475V/D405N/D614G/D796Y/E484A/F456L/F486P/F490S/G142D/G252V/G339H/G446S/H146Q/H655Y/K417N/L368I/L455F/N440K/N460K/N501Y/N679K/N764K/N969K/P681H/Q183E/Q498R/Q954H/R346T/R408S/S371F/S373P/S375F/S477N/T19I/T376A/T478K/V213E/V445P/V83A/Y248H/Y505H
JD.1.2,D405N/D614G/D796Y/E484A/F456L/F486P/F490S/G142D/G252V/G339H/G446S/H146Q/H655Y/L368I/L455F/N440K/N460K/N501Y/N679K/N764K/N969K/P1162S/P681H/Q183E/Q498R/Q954H/R408S/S371F/S373P/S375F/S477N/T19I/T376A/T478K/V213E/V445P/V83A/Y505H
JD.2,D405N/D614G/D796Y/E484A/F486P/F490S/G142D/G252V/G339H/H146Q/H655Y/L368I/N501Y/N679K/N764K/N969K/P681H/Q183E/Q498R/Q954H/R346T/R408S/S371F/S373P/S375F/S477N/T19I/T376A/T478K/V213E/V83A/Y505H
JF.1,D405N/D614G/D796Y/E180V/E484A/F456L/F486P/F490S/G142D/G252V/G339H/G446S/H146Q/H655Y/K417N/L368I/L455F/N440K/N460K/N501Y/N679K/N764K/N969K/P681H/Q183E/Q498R/Q954H/R346T/R408S/S371F/S373P/S375F/S477N/T19I/T376A/T478R/V213E/V445P/V83A/Y505H
JG.3,D405N/D614G/D796Y/E484A/F456L/F486P/F490S/G142D/G252V/G339H/G446S/H146Q/H655Y/L368I/L455F/N440K/N460K/N501Y/N679K/N764K/N969K/P681H/Q183E/Q498R/Q52H/Q954H/R408S/S371F/S373P/S375F/S477N/S704L/T19I/T307I/T376A/T478K/V213E/V445P/V83A/Y505H
JK.1,D614G/D796Y/E484A/F486P/F490S/G142D/G252V/G339H/H146Q/H655Y/K304Q/N501Y/N679K/N764K/N969K/P681H/Q183E/Q498R/Q954H/S477N/T19I/T478K/V213E/V83A/Y505H
JM.2,D405N/D614G/D796Y/E180V/E484A/F486P/F490S/G142D/G252V/G339H/G446S/H146Q/H655Y/K147N/K417N/L368I/N440K/N460K/N501Y/N679K/N764K/N969K/P521S/P681H/Q183E/Q498R/Q954H/R408S/R78S/S371F/S373P/S375F/S477N/T19I/T376A/T478R/V213E/V445P/V83A/Y505H
JN.1,A264D/A570V/D405N/D614G/D796Y/E554K/F157S/F486P/G142D/G339H/G446S/H245N/H655Y/I332V/K356T/K417N/L216F/L452W/L455S/N440K/N450D/N460K/N481K/N501Y/N679K/N764K/N969K/P1143L/P621S/P681R/Q498R/Q954H/R158G/R21T/R403K/R408S/S371F/S373P/S375F/S477N/S50L/S939F/T19I/T376A/T478K/V127F/V213G/V445H/Y505H
JN.3,A264D/A570V/D405N/D614G/D796Y/E554K/F157S/F486L/G339H/G446S/H245N/H655Y/I332V/K356T/L216F/L452W/N440K/N450D/N460K/N481K/N501Y/N679K/N764K/N969K/P1143L/P621S/P681R/Q498R/Q954H/R158G/R21T/R403K/R408S/S371F/S373P/S375F/S477N/S50L/S939F/T19I/T376A/T478K/V127F/V16VMPLF/V213G/V445H/Y505H
N.10,D614G/E484K/P9L/V445A
N.9,D614G/E484K
NONE,*484C/*501L/F371S/F680V/F970I/H478Q/I373T/K955*/L1147F/L505S/N547K/P981L/R796I/T655I/W339*/W496*
P.1,D138Y/D614G/E484K/H655Y/K417T/L18F/N501Y/P26S/R190S/T1027I/T20N/V1176F
P.1.14,D138Y/D614G/E484K/H655Y/K417T/L18F/N501Y/P26S/R190S/T1027I/T20N/V1176F
P.2,D614G/E484K/L1152F/P384L/Q690R/V1176F/W64R
UNASSIGNED,D614G/H655Y
XAG,D405N/D614G/D796Y/E484A/G142D/G339D/H655Y/K417N/N440K/N501Y/N679K/N764K/N969K/P681H/Q493R/Q498R/Q954H/R408S/S373P/S375F/S477N/T19I/T376A/T478K/V213G/Y505H
XAZ,D405N/D614G/D796Y/E484A/F486V/G142D/G339D/H655Y/K417N/L452R/N440K/N501Y/N679K/N764K/N969K/P681H/Q498R/Q954H/R408S/S371F/S373P/S375F/S477N/T19I/T376A/T478K/V213G/Y505H
XBB,D405N/D614G/D796Y/E484A/F486S/F490S/G142D/G339H/G446S/H146Q/H655Y/K417N/L368I/N440K/N460K/N501Y/N679K/N764K/N969K/P681H/Q183E/Q498R/Q954H/R408S/S371F/S373P/S375F/S477N/T19I/T376A/T478K/V213E/V445P/V83A/Y505H
XBB.1,D405N/D614G/D796Y/G142D/G252V/G339H/G446S/H146Q/H655Y/N440K/N460K/N501Y/N679K/N764K/N969K/P681H/Q183E/Q498R/Q954H/R346T/S477N/T19I/T478K/V213E/V445P/V83A/Y505H
XBB.1.14,D405N/D614G/D796Y/E484A/E554K/F486S/F490S/G142D/G252V/G339H/G75V/H146Q/H655Y/I1172T/L368I/N501Y/N679K/N969K/P681H/Q183E/Q498R/Q954H/R346T/S371F/S373P/S375F/S477N/T19I/T376A/T478K/V213E/V83A/Y505H
XBB.1.15,D405N/D614G/D796Y/E484A/F486S/F490S/G142D/G252V/G339H/H146Q/H655Y/L368I/N501Y/N679K/N764K/N969K/P681H/Q183E/Q498R/Q954H/R346T/R408S/S371F/S373P/S375F/S477N/T19I/T376A/T478K/V213E/V83A/Y505H
XBB.1.15.1,D405N/D614G/D796Y/E484A/F486P/F490S/G142D/G252V/G339H/G446S/H146Q/H655Y/K417N/L368I/N440K/N460K/N501Y/N679K/N764K/N969K/P681H/Q183E/Q498R/Q954H/R346T/R408S/S371F/S373P/S375F/S477N/T19I/T376A/T478K/V213E/V445P/V83A/Y505H
XBB.1.16,D405N/D614G/D796Y/E180V/E484A/F486P/F490S/G142D/G339H/G446S/H146Q/H655Y/K417N/L368I/N440K/N460K/N501Y/N679K/N764K/N969K/P681H/Q183E/Q498R/Q954H/R346T/R408S/S371F/S373P/S375F/S477N/T19I/T376A/T478R/V213E/V445P/V83A/Y505H
XBB.1.16.1,D405N/D614G/D796Y/E180V/E484A/F486P/F490S/G142D/G252V/G339H/G446S/H146Q/H655Y/K417N/L368I/N440K/N460K/N501Y/N679K/N764K/N969K/P681H/Q183E/Q498R/Q954H/R408S/S371F/S373P/S375F/S477N/T19I/T376A/T478R/T547I/V213E/V445P/Y505H
XBB.1.16.11,D405N/D614G/D796Y/E180V/E484A/F486P/F490S/G142D/G339H/G446S/H146Q/H655Y/K417N/L368I/N460K/N501Y/N679K/N764K/N969K/P521T/P681H/Q183E/Q498R/Q954H/R346T/R408S/S371F/S373P/S375F/S477N/T19I/T376A/T478R/V213E/V445P/V83A/Y505H
XBB.1.16.15,D405N/D614G/D796Y/E180V/E484A/F486P/F490S/G142D/G252V/G339H/G446S/H146Q/H655Y/K147N/K417N/L368I/N440K/N460K/N501Y/N679K/N764K/N969K/P521S/P681H/Q183E/Q498R/Q954H/R346T/R408S/S371F/S373P/S375F/S477N/T19I/T376A/T478R/V213E/V445P/V83A/Y505H
XBB.1.16.6,D405N/D614G/D796Y/E180V/E484A/F456L/F486P/F490S/G142D/G339H/G446S/H146Q/H655Y/K417N/L368I/N440K/N460K/N501Y/N679K/N764K/N969K/P681H/Q183E/Q498R/Q954H/R346T/R408S/S371F/S373P/S375F/S477N/T19I/T376A/T478R/V213E/V445P/V83A/Y505H
XBB.1.17.1,D614G/D796Y/E96G/H146Q/H655Y/L922F/N501Y/N969K/Q183E/Q498R/Q954H/T19I/V83A/Y505H
XBB.1.18,D405N/D614G/D796Y/E484A/F490S/G142D/G252V/G339H/H146Q/H655Y/N460K/N501Y/N679K/N764K/N969K/P681H/Q183E/Q498R/Q954H/R346T/R408S/S477N/T19I/T478K/V213E/V83A/Y505H
XBB.1.18.1,D405N/D614G/D796Y/E484A/F486P/F490S/G142D/G252V/G339H/G446S/H146Q/H655Y/L368I/N440K/N460K/N501Y/N679K/N764K/N969K/P681H/Q183E/Q498R/Q954H/R408S/S371F/S373P/S375F/S477N/T19I/T376A/T478K/V213E/V445P/V83A/Y505H
XBB.1.22,D614G/D796Y/E484A/F486P/F490S/G142D/G252V/G339H/G446S/H146Q/H655Y/N440K/N460K/N501Y/N679K/N764K/N969K/P681H/Q183E/Q498R/Q954H/S477N/T19I/T478K/V213E/V445P/V83A/Y505H
XBB.1.37,D405N/D614G/D796Y/E484A/F486S/F490S/G252V/G339H/G446S/H146Q/H655Y/K417N/L368I/N440K/N460K/N501Y/N679K/N764K/N969K/P681H/Q183E/Q498R/Q954H/R346T/R408S/S371F/S373P/S375F/S477N/T19I/T376A/T478K/V213E/V445P/V83A/Y505H
XBB.1.4,D405N/D614G/D796Y/E484A/F486S/F490S/G142D/G252V/G339H/G446S/H146Q/H655Y/L368I/N440K/N460K/N501Y/N679K/N764K/N969K/P681H/Q183E/Q498R/Q954H/R408S/S371F/S373P/S375F/S477N/T19I/T376A/T478K/T883I/V213E/V445P/V83A/Y505H
XBB.1.4.2,D405N/D614G/D796Y/E484A/F486P/F490S/G142D/G252V/G339H/G446S/H146Q/H655Y/L368I/N440K/N460K/N501Y/N679K/N764K/N969K/P681H/Q183E/Q498R/Q954H/R408S/S371F/S373P/S375F/S477N/T19I/T376A/T478K/T883I/V213E/V445P/V83A/Y505H
XBB.1.41.1,D405N/D614G/D796Y/E484A/F486P/F490S/G142D/G252V/G339H/G446S/H146Q/H655Y/K417N/L335S/L368I/N440K/N460K/N501Y/N679K/N764K/N969K/P681H/Q183E/Q498R/Q954H/R346T/R403K/R408S/S371F/S373P/S375F/S477N/T19I/T376A/T478R/V213E/V445P/V83A/Y505H
XBB.1.42.2,D405N/D614G/D796Y/E484A/F486P/F490S/G142D/G252V/G339H/G446S/H146Q/H655Y/K417N/L368I/N440K/N460K/N501Y/N679K/N764K/N969K/P681H/Q183E/Q498R/Q613H/Q954H/R346T/R408S/S371F/S373P/S375F/S477N/T19I/T376A/T478K/V11I/V213E/V445P/V83A/Y505H
XBB.1.44,D796Y/E484A/F486S/F490S/G142D/G252V/G339H/G446S/H146Q/H655Y/N440K/N460K/N501Y/N679K/N764K/N969K/P681H/Q183E/Q498R/Q954H/S477N/T19I/T478K/T747I/V213E/V445P/V83A/Y453F/Y505H
XBB.1.5,D405N/D614G/D796Y/E484A/F486P/F490S/G142D/G252V/G339H/G446S/H146Q/H655Y/L368I/N440K/N460K/N501Y/N679K/N764K/N969K/P681H/Q183E/Q498R/Q954H/R408S/S371F/S373P/S375F/S477N/T19I/T376A/T478K/V213E/V445P/V83A/Y505H
XBB.1.5.1,D405N/D614G/D796Y/E484A/F486P/F490S/G142D/G252V/G339H/G446S/H146Q/H655Y/N440K/N460K/N501Y/N679K/N764K/N969K/P681H/Q183E/Q498R/Q954H/R408S/S373P/S375F/S477N/T19I/T376A/T478K/T573I/V213E/V445P/V83A/Y505H
XBB.1.5.10,D405N/D614G/D796Y/E484A/F456L/F486P/F490S/G142D/G446S/H146Q/H655Y/K417N/N440K/N460K/N501Y/N679K/N764K/N969K/P681H/Q183E/Q498R/Q954H/R408S/S477N/T19I/T478K/V213E/V445P/V83A/Y505H
XBB.1.5.100,D614G/D796Y/E484A/F486P/F490S/G142D/G252V/G339H/G446S/H146Q/H655Y/N440K/N460K/N501Y/N679K/N764K/N969K/P681H/Q183E/Q498R/Q954H/S477N/T19I/T478K/V1122M/V213E/V445P/V83A/Y505H
XBB.1.5.102,D405N/D614G/D796Y/E484A/F486P/F490S/G142D/G252V/G339H/H146Q/H655Y/L368I/N501Y/N679K/N764K/N969K/P681H/Q183E/Q498R/Q954H/R346T/R408S/S371F/S373P/S375F/S477N/T19I/T376A/T478K/V213E/V83A/Y505H
XBB.1.5.103,D405N/D614G/D796Y/E484A/F456L/F486P/F490S/G142D/G339H/G446S/H655Y/K417N/L368I/N440K/N460K/N501Y/N679K/N764K/N969K/P681H/Q498R/Q954H/R346T/R408S/S371F/S373P/S375F/S477N/T19I/T376A/T478K/V213E/V445P/V83A/Y505H
XBB.1.5.104,D614G/D796Y/G142D/H146Q/H655Y/N679K/N969K/P681H/Q183E/Q954H/T19I/V213E/V83A
XBB.1.5.11,D405N/D614G/D796Y/E484A/F486P/F490S/G142D/G339H/G446S/H146Q/H655Y/K417N/L368I/N440K/N460K/N501Y/N679K/N764K/N969K/P681H/Q183E/Q498R/Q954H/R346T/R408S/S371F/S373P/S375F/S477N/T19I/T376A/T478K/V213E/V445P/V83A/Y248H/Y505H
XBB.1.5.13,D405N/D614G/D796Y/E484A/F486P/F490S/G142D/G252V/G339H/G446S/H146Q/H655Y/L368I/N440K/N460K/N501Y/N679K/N764K/N969K/P681H/Q183E/Q498R/Q954H/R408S/S371F/S373P/S375F/S477N/T19I/T376A/T478K/V213E/V445P/V83A/Y505H
XBB.1.5.14,D405N/D614G/D796Y/E484A/F486P/F490S/G142D/G252V/G339H/H655Y/K417N/L368I/N501Y/N679K/N764K/N969K/P681H/Q183E/Q498R/R346T/R408S/S371F/S373P/S375F/T19I/T376A/V213E/V83A/Y505H
XBB.1.5.15,D405N/D614G/D796Y/E484A/F486P/F490S/G142D/G252V/G339H/G446S/H146Q/H655Y/L368I/N440K/N460K/N501Y/N679K/N764K/N969K/P681H/Q183E/Q498R/Q954H/R408S/S371F/S373P/S375F/S477N/T19I/T376A/T478K/V213E/V445P/V83A/Y505H
XBB.1.5.16,D405N/D614G/D796Y/E484A/F486P/F490S/G142D/G252V/G339H/G446S/H146Q/H655Y/K417N/L368I/N440K/N460K/N501Y/N679K/N764K/N969K/P681H/Q183E/Q498R/Q954H/R346T/R408S/S371F/S373P/S375F/S477N/T19I/T376A/T478K/V213E/V445P/V83A/Y505H
XBB.1.5.17,D405N/D614G/D796Y/E484A/F486P/F490S/G142D/G252V/G339H/G446S/H655Y/L368I/N440K/N460K/N501Y/N679K/N764K/N969K/P681H/Q183E/Q498R/Q954H/R408S/S373P/S375F/S477N/T19I/T376A/T478K/V213E/V445P/V83A/Y505H
XBB.1.5.18,D405N/D796Y/E484A/F486P/F490S/G142D/G252V/G446S/H146Q/H655Y/K417N/N440K/N460K/N501Y/N679K/N969K/P681H/Q183E/Q498R/Q954H/R408S/S477N/T19I/T478K/V213E/V445P/V83A/Y505H
XBB.1.5.19,D405N/D614G/D796Y/E484A/F486P/F490S/G142D/G252V/G339H/G446S/H146Q/H655Y/K417N/L368I/N440K/N501Y/N679K/N764K/N969K/P681H/Q183E/Q498R/Q954H/R408S/S371F/S373P/S375F/T19I/T376A/V213E/V445P/V83A/Y505H
XBB.1.5.2,D405N/D614G/D796Y/E484A/F486P/F490S/G142D/G252V/G339H/G446S/H146Q/H655Y/K417N/L368I/N440K/N460K/N501Y/N679K/N764K/N969K/P681H/Q183E/Q498R/Q954H/R408S/S371F/S373P/S375F/S477N/T19I/T284I/T376A/T478K/V213E/V445P/V83A/Y505H
XBB.1.5.20,D405N/D614G/D796Y/E484A/F486P/F490S/G142D/G252V/G339H/G446S/H146Q/H655Y/N440K/N460K/N501Y/N679K/N764K/N969K/P217S/P681H/Q183E/Q498R/Q954H/R408S/S373P/S375F/S477N/T19I/T376A/T478K/V213E/V445P/V83A/Y505H
XBB.1.5.21,D614G/D796Y/E484A/F486P/F490S/G142D/G252V/G339H/G446S/H146Q/H655Y/N440K/N460K/N501Y/N679K/N764K/N969K/P681H/Q183E/Q498R/Q954H/S477N/T19I/T478K/V213E/V445P/V83A/Y505H
XBB.1.5.24,D614G/D796Y/E484A/F486P/F490S/G142D/H146Q/H655Y/N501Y/N969K/Q183E/Q498R/Q954H/T19I/T76I/V213E/V83A/Y505H
XBB.1.5.26,D405N/D614G/D796Y/E484A/F486P/F490S/G142D/G252V/G339H/G446S/H655Y/L368I/N440K/N460K/N501Y/N679K/N764K/N969K/P681H/Q183E/Q498R/Q954H/R408S/S371F/S373P/S375F/S477N/T19I/T376A/T478K/V213E/V445P/V83A/Y505H
XBB.1.5.28,D614G/D796Y/G142D/G252V/G339H/H146Q/H655Y/N679K/N764K/N969K/P681H/Q183E/Q954H/T19I/V213E
XBB.1.5.3,D614G/D796Y/E484A/F486P/F490S/G142D/G252V/G339H/G446S/H146Q/H655Y/N440K/N460K/N679K/N764K/N969K/P681H/Q183E/Q954H/S477N/T19I/T478K/V213E/V445P/V83A
XBB.1.5.31,D405N/D614G/D796Y/E484A/F486P/F490S/G142D/G252V/G339H/G446S/H146Q/H655Y/N440K/N460K/N501Y/N679K/N764K/N969K/P681H/Q183E/Q498R/Q954H/S373P/S375F/S477N/T19I/T376A/T478K/V213E/V445P/V83A/Y505H
XBB.1.5.36,D405N/D614G/D796Y/G142D/G252V/G339H/H146Q/H655Y/K417N/N440K/N501Y/N679K/N764K/N969K/P681H/Q183E/Q498R/Q954H/R346T/R408S/T19I/V213E/V83A/Y505H
XBB.1.5.4,D614G/D796Y/G142D/G252V/G339H/G446S/H655Y/N440K/N679K/N764K/N969K/P681H/Q954H/T19I/V213E/V445P/V83A
XBB.1.5.40,D614G/D796Y/G142D/G252V/G339H/H146Q/H655Y/N679K/N764K/N969K/P681H/Q183E/Q954H/T19I/V213E/V83A
XBB.1.5.47,D405N/D614G/D796Y/E484A/F486P/F490S/G142D/G446S/H146Q/H655Y/K417N/N440K/N460K/N501Y/N679K/N764K/N969K/P681H/Q183E/Q498R/Q954H/R408S/S373P/S375F/S477N/T19I/T478K/V213E/V445P/V83A/Y505H
XBB.1.5.48,D405N/D614G/D796Y/E484A/F486P/F490S/G142D/G252V/G446S/H146Q/H655Y/K417N/N440K/N460K/N501Y/N679K/N764K/N969K/P681H/Q183E/Q498R/Q954H/R408S/S477N/T19I/T478K/V213E/V445P/V83A/Y505H
XBB.1.5.5,D405N/D614G/D796Y/E484A/F486P/F490S/G142D/G252V/G339H/G446S/H146Q/H655Y/K1181I/L368I/N440K/N460K/N501Y/N679K/N764K/N969K/P681H/Q183E/Q498R/Q954H/R346T/R408S/S371F/S373P/S375F/S477N/T19I/T376A/T478K/V213E/V445P/V83A/Y505H
XBB.1.5.51,D405N/D614G/D796Y/E484A/F486P/F490S/G142D/G252V/G339H/H146Q/H655Y/N501Y/N679K/N764K/N969K/P681H/Q183E/Q498R/Q954H/S373P/S375F/S477N/T19I/T376A/T478K/V213E/V83A/Y505H
XBB.1.5.57,D614G/D796Y/G252V/G339H/G446S/H655Y/K417N/L368I/N440K/N460K/N679K/N764K/N969K/P681H/Q183E/Q954H/R408S/S371F/T19I/V445P/V83A
XBB.1.5.59,D405N/D614G/D796Y/E484A/F456L/F486P/F490S/G142D/G252V/G339H/G446S/H146Q/H655Y/K417N/L368I/N440K/N460K/N501Y/N679K/N764K/N969K/P681H/Q183E/Q498R/Q954H/R346T/R408S/S371F/S373P/S375F/S477N/T19I/T376A/T478K/V213E/V445P/V83A/Y505H
XBB.1.5.62,D405N/D614G/D796Y/E484A/F486P/F490S/G142D/G339H/G446S/H146Q/H655Y/K417N/L368I/N440K/N460K/N501Y/N679K/N764K/N969K/P681H/Q183E/Q498R/Q954H/R346T/R408S/S371F/S373P/S375F/S477N/T19I/T376A/T478K/V213E/V445P/Y505H
XBB.1.5.63,D614G/D796Y/E484A/F486P/F490S/G142D/G252V/G339H/G446S/H146Q/H655Y/K417N/N440K/N460K/N501Y/N679K/N764K/N969K/P681H/Q183E/Q498R/Q954H/S477N/T19I/T478K/V213E/V445P/V83A/Y505H
XBB.1.5.65,D405N/D614G/D796Y/E484A/F486P/F490S/G142D/G252V/G339H/G446S/H146Q/H655Y/L368I/N440K/N460K/N501Y/N679K/N764K/N969K/P681H/Q498R/Q954H/R408S/S371F/S373P/S375F/S477N/T19I/T376A/T478K/V213E/V445P/V83A/Y505H
XBB.1.5.66,D614G/D796Y/E484A/F486P/F490S/G252V/G339H/G446S/H655Y/K417N/L368I/N440K/N460K/N679K/N764K/N969K/P681H/Q183E/Q954H/S371F/S373P/S375F/S477N/T19I/T376A/T478K/V213E/V445P/V83A
XBB.1.5.67,D253A/D405N/D614G/D796Y/E484A/F486P/F490S/G142D/G252V/G339H/G446S/H146Q/H655Y/K417N/L368I/N440K/N460K/N501Y/N679K/N764K/N969K/P681H/Q183E/Q498R/Q954H/R346T/R408S/S371F/S373P/S375F/S477N/T19I/T376A/T478K/V213E/V445P/V83A/Y505H
XBB.1.5.7,D405N/D614G/D796Y/E484A/F486P/F490S/G142D/G252V/G339H/G446S/H146Q/H655Y/N440K/N460K/N501Y/N679K/N764K/N969K/P681H/Q183E/Q498R/Q954H/R408S/S373P/S375F/S477N/T19I/T376A/T478K/V213E/V445P/V83A/Y505H
XBB.1.5.70,D405N/D614G/D796Y/E484A/F456L/F486P/F490S/G142D/G252V/G339H/G446S/H146Q/H655Y/L368I/L455F/N440K/N460K/N501Y/N679K/N764K/N969K/P681H/Q183E/Q498R/Q954H/R408S/S371F/S373P/S375F/S477N/T19I/T376A/T478K/V213E/V445P/V83A/Y505H
XBB.1.5.72,A520S/D405N/D614G/D796Y/E484A/F456L/F486P/F490S/G142D/G252V/G339H/G446S/H146Q/H655Y/K417N/L368I/N440K/N460K/N501Y/N679K/N764K/N969K/P681H/Q183E/Q498R/Q954H/R346T/R408S/S371F/S373P/S375F/S477N/T19I/T376A/T478K/V213E/V445P/V83A/Y505H
XBB.1.5.73,D405N/D614G/D796Y/E484A/F486P/F490S/G142D/G252V/G339H/G446S/H146Q/H655Y/K417N/L368I/N440K/N460K/N501Y/N679K/N764K/N969K/P681H/Q183E/Q498R/Q954H/R408S/S371F/S373P/S375F/S477N/T19I/T376A/T478K/V213E/V445P/V83A/Y505H
XBB.1.5.75,D405N/D614G/D796Y/E484A/F486P/F490S/G142D/G252V/G339H/H146Q/H655Y/L368I/N501Y/N679K/N764K/N969K/P681H/Q183E/Q498R/Q954H/R346T/S371F/S373P/S375F/S477N/T19I/T376A/T478K/V213E/V83A/Y505H
XBB.1.5.76,D405N/D614G/D796Y/E484A/F486P/F490S/G142D/G252V/G339H/G446S/H146Q/H655Y/L368I/N440K/N460K/N679K/N764K/N969K/P681H/Q183E/Q954H/R408S/S371F/S373P/S375F/S477N/T19I/T376A/T478K/V213E/V445P/V83A
XBB.1.5.77,D796Y/E484A/F486P/F490S/G142D/G252V/G339H/G446S/H146Q/H655Y/N1125K/N440K/N460K/N501Y/N679K/N764K/N969K/P681H/Q183E/Q498R/Q954H/S477N/T19I/T478K/V213E/V445P/V83A/Y505H
XBB.1.5.86,D405N/D614G/D796Y/E484A/F486P/F490S/G142D/G252V/G339H/G446S/H146Q/H655Y/N440K/N460K/N501Y/N679K/N764K/N969K/P681H/Q183E/Q498R/Q954H/R408S/S477N/T19I/T478K/V213E/V445P/V83A/Y505H
XBB.1.5.89,D405N/D614G/D796Y/E484A/E554A/F486P/F490S/G142D/G252V/G339H/G446S/H146Q/H655Y/K417N/L368I/N440K/N460K/N501Y/N679K/N764K/N969K/P681H/Q183E/Q498R/Q954H/R346T/S371F/S373P/S375F/S477N/T19I/T376A/T478R/V213E/V445P/V83A/Y505H
XBB.1.5.92,D614G/D796Y/G142D/H146Q/H655Y/N501Y/N969K/Q14R/Q183E/Q498R/Q954H/T19I/V213E/V83A/Y505H
XBB.1.5.94,D405N/D614G/D796Y/E484A/F486P/F490S/G142D/G252V/G339H/G446S/H146Q/H655Y/K417N/L368I/N440K/N460K/N501Y/N679K/N764K/N969K/P681H/Q183E/Q498R/Q613H/Q954H/R346T/R408S/S371F/S373P/S375F/S477N/T19I/T376A/T478K/V213E/V445P/V83A/Y505H
XBB.1.5.96,A263T/A67V/D405N/D614G/D796Y/E484A/F486P/F490S/G142D/G252V/G339H/G446S/H146Q/H655Y/K417N/L368I/N440K/N460K/N501Y/N679K/N764K/P681H/Q183E/Q498R/R346T/R408S/S371F/S373P/S375F/S477N/T19I/T376A/T478K/V213E/V36I/V445P/V83A/Y505H
XBB.1.9,D405N/D614G/D796Y/E484A/F486S/F490S/G142D/G252V/G339H/G446S/H146Q/H655Y/K417N/L368I/N440K/N460K/N501Y/N679K/N764K/N969K/P681H/Q183E/Q498R/Q954H/R408S/S371F/S373P/S375F/S477N/T19I/T376A/T478K/V213E/V445P/V83A/Y505H
XBB.1.9.1,D405N/D614G/D796Y/E484A/F486P/F490S/G142D/G252V/G339H/G446S/H146Q/H655Y/K417N/N440K/N460K/N501Y/N679K/N764K/N969K/P681H/Q183E/Q498R/Q954H/R346T/R408S/S371F/S373P/S375F/S477N/T19I/T376A/T478K/V213E/V445P/V83A/Y505H
XBB.1.9.2,D405N/D614G/D796Y/E484A/F486P/F490S/G142D/G252V/G339H/G446S/H146Q/H655Y/L368I/N440K/N460K/N501Y/N679K/N764K/N969K/P681H/Q183E/Q498R/Q954H/R408S/S371F/S373P/S375F/S477N/T19I/T376A/T478K/V213E/V445P/V83A/Y505H
XBB.1.9.4,D405N/D614G/D796Y/E484A/F486S/F490S/G142D/G252V/G339H/G446S/H146Q/H655Y/K417N/L368I/M1237T/N440K/N460K/N501Y/N679K/N764K/N969K/P681H/Q183E/Q498R/Q954H/R346T/R408S/S371F/S373P/S375F/S477N/T19I/T376A/T478K/V213E/V445P/V83A/Y505H
XBB.2,D253G/D405N/D614G/D796Y/E484A/F486S/F490S/G339H/G446S/H655Y/K417N/L368I/N440K/N460K/N679K/N764K/N969K/P681H/Q183E/Q954H/R346T/R408S/S371F/S373P/S375F/S477N/T19I/T376A/T478K/V213E/V445P
XBB.2.3,D253G/D405N/D614G/D796Y/E484A/F486P/F490S/G142D/G339H/G446S/H146Q/H655Y/K417N/L368I/N440K/N501Y/N679K/N764K/N969K/P521S/P681H/Q183E/Q498R/Q954H/R346T/R408S/S371F/S373P/S375F/T19I/T376A/V213E/V445P/V83A/Y505H
XBB.2.3.11,D405N/D614G/D796Y/E484A/F486P/F490S/G142D/G339H/H146Q/H655Y/L368I/N460K/N501Y/N679K/N764K/N969K/P521S/P681H/Q183E/Q498R/Q954H/R346T/S371F/S373P/S375F/S477N/T19I/T376A/T478R/V213E/V83A/Y505H
XBB.2.3.13,D253G/D614G/D796Y/E484A/F486P/F490S/G142D/G339H/G446S/H146Q/H655Y/K417N/L368I/N440K/N501Y/N679K/N764K/N969K/P521S/P681H/Q183E/Q498R/Q954H/R346T/S371F/S373P/S375F/T19I/T376A/V213E/V445P/V83A/Y505H
XBB.2.3.14,D253G/D405N/D614G/D796Y/E484A/F486P/F490S/G142D/G339H/G446S/H146Q/H655Y/K417N/L368I/N440K/N460K/N501Y/N679K/N764K/N969K/P521S/P681H/Q183E/Q498R/Q954H/R408S/S371F/S373P/S375F/S477N/T19I/T376A/T478K/V213E/V445P/V83A/Y505H
XBB.2.3.4,D405N/D614G/D796Y/E484A/F486P/F490S/G142D/H146Q/H655Y/K417N/N501Y/N679K/N764K/N969K/P521S/P681H/Q183E/Q498R/Q954H/R408S/S477N/T19I/T478Q/V213E/V83A/Y505H
XBB.2.3.6,D253G/D614G/D796Y/G142D/H146Q/H655Y/N679K/N764K/N969K/P521S/P681H/Q183E/Q954H/T19I/V213E/V83A/Y505H
XBB.2.6,D253G/D405N/D614G/D796Y/E484A/F486S/F490S/G142D/G339H/H146Q/H655Y/K417N/N501Y/N679K/N764K/N969K/P681H/Q183E/Q498R/Q954H/R346T/R408S/S373P/S375F/S477N/T19I/T376A/T478K/V213E/V83A/Y505H
XBB.2.7,D253G/D405N/D614G/D796Y/E484A/F486S/F490S/G142D/G339H/G446S/H146K/H655Y/K417N/L368I/N440K/N460K/N501Y/N679K/N764K/N969K/P681H/Q183E/Q498R/Q954H/R408S/S371F/S373P/S375F/S477N/T19I/T376A/T478K/V213E/V445P/V83A/Y505H
XBB.3,D614G/D796Y/E484A/F486S/F490S/G142D/G339H/G446S/H146Q/H655Y/N440K/N460K/N501Y/N679K/N969K/P681H/Q498R/R346T/S477N/T19I/T478K/V213E/V445P/V83A/Y505H
XBB.8,D614G/D796Y/G142D/G252V/H655Y/N679K/N764K/N969K/P681H/Q183E/Q954H/T19I/V213E/V83A
XBF,D405N/D614G/D796Y/E484A/F157L/F486P/F490S/G339H/G446S/H655Y/I210V/K147E/K417N/N460K/N501Y/N679K/N764K/N969K/P681H/Q498R/Q954H/R346T/R408S/S371F/S373P/S375F/S477N/T19I/T376A/T478K/V213G/W152R/Y505H
XBJ,D405N/D614G/D796Y/E484R/G142D/G257D/G339D/H245N/H655Y/K417N/K444R/L452M/M153T/N164K/N440K/N450D/N460K/N679K/N764K/N969K/P681H/Q954H/R408S/S371F/S373P/S375F/S477N/T19I/T376A/T478K/V213G
XBJ.2,D405N/D614G/D796Y/E484R/G142D/G257D/G339D/H245N/H655Y/K417N/K444R/L452M/M153T/N164K/N440K/N450D/N460K/N501Y/N679K/N764K/N969K/P681H/Q498R/Q954H/R408S/S373P/S375F/S477N/T19L/T376A/T478K/V213G/Y505H
XBL.3,D405N/D614G/D796Y/G142D/G252V/G339H/G446S/H655Y/L368I/N440K/N460K/N679K/N764K/N969K/P681H/Q183E/Q954H/R408S/S371F/S373P/S375F/T19I/T376A/V213E/V445P
XE,D405N/D614G/D796Y/E484A/G142D/G339D/H655Y/K417N/N501Y/N679K/N764K/N969K/P681H/Q493R/Q498R/Q954H/R408S/S371F/S373P/S375F/S477N/T19I/T376A/T478K/V213G/Y505H
XM,D614G/D796Y/E484A/H655Y/N501Y/N679K/N969K/P681H/Q493R/Q498R/Q954H/S477N/T478K/Y505H
