lineage,RBD_NTD_mutations
AY.100,T19R/L452R/T478K
AY.20,T19R/L452R
AY.25,G142D/R346T/L452R/N460I/T478K/E484A
AY.25.1,L18F/T19R/L452R/T478K
AY.26,L452R/T478K
AY.3,T19R/G142D/L452R
AY.39,T19R/M153V/L452R/T478K
AY.62,Q14H/L18F/T19R/G142D/H245N/G446V/L452Q/Y453F/T478K/E484Q
B.1.1.222,
B.1.1.519,I472L/T478K/E484Q/Y508H
B.1.1.529,
B.1.617.2,T19R/G142D/L452R/T478K
BA.1,G339D/S371L/S373P/S375F
BA.1.1,G339D/R346K/S371L/S373P/S375F
BA.1.1.1,G339D/R346K/S477N/T478K/E484A/G496S/Q498R/N501Y
BA.1.1.14,G339D/R346K/S371L/S373P/S375F/G446S/S477N/T478K/E484A/Q493R/G496S/Q498R/N501Y/Y505H
BA.1.1.16,G339D/R346K/S371L/S373P/S375F
BA.1.1.18,G339D/R346K/S371L/S373P/S375F/Q498R/N501Y
BA.1.1.2,G339D/R346K/S371L/S373P/S375F/N440K/S477N/T478K/E484A/Q493R/G496S/Q498R/N501Y/Y505H
BA.1.1.6,
BA.1.13,G339D/S371L/S373P/S375F/K417N/S477N/T478K/E484A/Q493R/G496S/Q498R/N501Y
BA.1.15,G339D/S373P/S375F
BA.1.15.1,G339D/S371L/S373P/S375F/K417N/G446S/S477N/T478K/E484A/Q493R/G496S/Q498R/N501Y/Y505H
BA.1.15.2,G339D
BA.1.15.3,G339D
BA.1.17,G339D/S371L/S373P/S375F
BA.1.17.2,G339D
BA.1.18,G339D/S371L/S373P/S375F/K417N/G446S/S477N/T478K/E484A/Q493R/G496S/Q498R/N501Y/Y505H
BA.1.19,G339D/S371L/S373P/S375F/K417N/G446S/S477N/T478K/E484A/Q493R/G496S/Q498R/N501Y/Y505H
BA.1.20,G339D/S373P
BA.1.21,G339D
BA.1.5,G339D/S373P/S375F/N440K/G446S/S477N/T478K/E484A/Q493R/G496S/Q498R/N501Y/Y505H
BA.2,T19I/G142D/G339D/S371F/S373P/S375F/T376A/D405N/R408S/K417N/S477N/T478K/E484A/Q493R/Q498R/N501Y/Y505H
BA.2.1,T19I/G142D/G339D/S371F/S373P/S375F/T376A/D405N/R408S/K417N/S477N/T478K/E484A/Q493R/Q498R/N501Y/Y505H
BA.2.10,T19I/G142D/G339D/S371F/S373P/S375F/T376A/D405N/R408S/K417N/S477N/T478K/E484A/Q493R/Q498R/N501Y/Y505H
BA.2.10.1,T19I/G142D/H146Q/G339D/R346T/S371F/S373P/S375F/T376A/D405N/R408S/K417N
BA.2.12,T19I/G142D/G339D/S371F/S373P/S375F/T376A/D405N/K417N/S477N/T478K/E484A/Q498R/N501Y/Y505H
BA.2.12.1,T19I/G142D/G339D/S371F/S373P/S375F/T376A/D405N/R408S/K417N/L452Q/S477N/T478K/E484A/Q493R/Q498R/N501Y/Y505H
BA.2.13,T19I/G142D/G339D/S373P/S375F/T376A/D405N/R408S/K417N/L452M/S477N/T478K/E484A/Q493R/Q498R/N501Y/Y505H
BA.2.13.1,T19I/G142D/S373P/S375F/T376A/D405N/R408S/K417N/L452M/S477N/T478K/E484A/Q498R/N501Y/Y505H
BA.2.18,T19I/G142D/G339D/S371F/S373P/S375F/T376A/D405N/R408S/K417T/S477N/T478K/E484A/Q493R/Q498R/N501Y/Y505H
BA.2.2,T19I/G142D/G339D/S371F/S373P/S375F/T376A/D405N/R408S/K417N
BA.2.2.1,G339D/R346K/S371L/S373P/S375F/K417N/N440K/G446S/S477N/T478K/E484A/Q493R/G496S/Q498R/N501Y/Y505H
BA.2.21,T19I/G142D/G339D/S371F/S373P/S375F/T376A/D405N/R408S/K417N/S477N/T478K/E484A/Q493R/Q498R/N501Y/Y505H
BA.2.22,T19I/G142D/Y248H/G339D/S371F/S373P/S375F/T376A/D405N/R408S/K417N/N440K/S477N/T478K/E484A/Q493R/Q498R/N501Y/Y505H
BA.2.23,T19I/G142D/G339D/S371F/S373P/S375F/T376A/D405N/R408S/K417N
BA.2.23.1,T19I/G142D/G339D/S371F/S373P/S375F/T376A/D405N/R408S/K417N/N440K/S477N/T478K/E484A/Q493R/Q498R/N501Y/Y505H
BA.2.24,T19I/G142D/N440K/S477N/T478K/E484A/Q493R/Q498R/N501Y/Y505H
BA.2.26,T19I/G142D/G339D/S371F/S373P/S375F/T376A/D405N/R408S/K417N/N440K/S477N/T478K/E484A/Q493R/Q498R/N501Y/Y505H
BA.2.3,T19I/G142D/G339D/S371F/S373P/S375F/T376A/D405N/R408S/K417N/S477N/T478K/E484A/Q493R/Q498R/N501Y/Y505H
BA.2.3.10,T19I/G142D/G339D/S371F/S373P/S375F/T376A/D405N/R408S/K417N/N440K/S477N/T478K/E484A/Q493R/Q498R/N501Y/Y505H
BA.2.3.11,T19I/G142D/G339D/S371F/S373P/S375F/T376A/D405N/R408S/K417N/N440K/S477N/T478K/E484A/Q493R/Q498R/N501Y/Y505H
BA.2.3.15,T19I/G142D/D405N/R408S/K417N/S477N/T478K/E484A/Q498R/N501Y
BA.2.3.17,T19I/G339D/S371F/S373P/S375F/T376A/D405N/R408S/K417N/S477N/T478K/E484A/Q493R/Q498R/N501Y/Y505H
BA.2.3.2,T19I/G142D/G339D/S371F/S373P/S375F/T376A/D405N/R408S/K417N/N440K/S477N/T478K/E484A/Q493R/Q498R/N501Y/Y505H
BA.2.3.4,T19I/G142D/G339D/S371F/S373P/S375F/T376A/D405N/R408S/K417N
BA.2.3.6,T19I/G142D/S255F/G339D/S371F/S373P/S375F/T376A/D405N/R408S/K417N/N440K/S477N/T478K/E484A/Q498R/N501Y/Y505H
BA.2.31,T19I/G142D/G339D/S373P/S375F/T376A/D405N/R408S/K417N
BA.2.35,T19I/G142D/G339D/S371F/S373P/S375F/T376A/D405N/R408S/K417N/N440K/L452R/S477N/T478K/E484A/Q493R/Q498R/N501Y/Y505H
BA.2.36,T19I/G142D/G339D/S373P/S375F/T376A/D405N/R408S/K417N/S477N/T478K/E484A/Q493R/Q498R/N501Y/Y505H
BA.2.37,T19I/G142D/G339D/S371F/S373P/S375F/T376A/D405N/R408S/K417N/N440K/S477N/T478K/E484A/Q493R/Q498R/N501Y/Y505H
BA.2.38,T19I/G142D/G339D/S371F/S373P/S375F/T376A/D405N/S477N/T478K/E484A/Q493R/Q498R/N501Y/Y505H
BA.2.4,T19I/G142D/G339D/S371F/S373P/S375F/T376A/D405N/S477N/T478K/E484A/Q493R/Q498R/N501Y/Y505H
BA.2.40.1,T19I/G142D/G339D/S371F/S373P/S375F/T376A/D405N/R408S/K417T/S477N/T478K/E484A/Q493R/Q498R/N501Y/Y505H
BA.2.44,T19I/G142D/G339D/S371Y/S373P/S375F/T376A/D405N/R408S/K417N/S477N/T478K/E484A/Q493R/Q498R/N501Y/Y505H
BA.2.49,T19I/G142D/G339D/D405N/R408S/K417N/N440K/S477N/T478K/E484A/Q493R/Q498R/N501Y/Y505H
BA.2.5,T19I/G142D/G339D/S371F/S373P/S375F/T376A/D405N/R408S/K417N/N440K/S477N/T478K/E484A/Q493R/Q498R/N501Y/Y505H
BA.2.52,T19I/G142D/Y248SGEN/G339D/S371F/S373P/S375F/T376A/D405N/R408S/K417N/S477N/T478K/E484A/Q493R/Q498R/N501Y/Y505H
BA.2.56,T19I/G142D/G339D/S371F/S373P/S375F/T376A/D405N/R408S/K417N/L452M/S477N/T478K/E484A/Q493R/Q498R/N501Y/Y505H
BA.2.57,T19I/G142D/G339D/S371F/S373P/S375F/T376A/D405N/R408S/K417N/N440K/S477N/T478K/E484A/Q493R/Q498R/N501Y/Y505H
BA.2.6,T19I/G142D/G339D/S371F/S373P/S375F/T376A/D405N/R408S/K417N/N440K/S477N/T478K/E484A/Q493R/Q498R/N501Y/Y505H
BA.2.65,T19I/G142D/G339D/S371F/S373P/S375F/T376A/D405N/R408S/K417N/S477N/T478K/E484A/Q493R/Q498R/N501Y/Y505H
BA.2.66,T19I/G142D/G339D/S371F/S373P/S375F/T376A/D405N/R408S/K417N/N440K/S477N/T478K/E484A/Q493R/Q498R/N501Y/Y505H
BA.2.7,T19I/G142D/G339D/D405N/R408S/K417N/N440K/S477N/T478K/E484A/Q493R/Q498R/N501Y/Y505H
BA.2.71,T19I/G142D/G339D/S371F/S373P/S375F/T376A/D405N/R408S/K417N/N440K/S477N/T478K/E484A/Q493R/Q498R/N501Y/Y505H
BA.2.72,T19I/G339D/T376A/D405N/S477N/T478K/E484A/Q498R/N501Y/Y505H
BA.2.75,T19I/G142D/W152R/G257S/G339H/R346T/S371F/S373P/S375F/T376A/D405N/R408S/K417N
BA.2.75.2,T19I/G142D/K147E/W152R/F157L/G257S/G339H/R346T/S371F/S373P/S375F/T376A/D405N/R408S/K417N/N440K/G446S/N460K/S477N/T478K/E484A/F486S/Q498R/N501Y/Y505H
BA.2.75.6,T19I/G142D/K147E/W152R/F157L/G257S/G339H/R346T/S371F/S373P/S375F/T376A/D405N/R408S/K417N/N440K/G446S/N460K/S477N/T478K/E484A/F490S/Q498R/N501Y/Y505H
BA.2.8,T19I/G142D/G339D/S371F/S373P/S375F/T376A/D405N/R408S/K417N
BA.2.81,T19I/G142D/G339D/S371F/S373P/S375F/T376A/D405N/K417N/N440K/L452M/S477N/T478K/E484A/Q493R/Q498R/N501Y/Y505H
BA.2.82,T19I/G142D/G339D/R346T/S371F/S373P/S375F/T376A/D405N/R408S/K417N/N440K/S477N/T478K/E484A/Q493R/Q498R/N501Y/Y505H
BA.2.9,T19I/G142D/G339D/S373P/S375F/T376A/D405N/R408S/K417N/N440K/S477N/T478K/E484A/Q493R/Q498R/N501Y/Y505H
BA.2.9.3,T19I/G142D/D405N/E484A/Q493R/Q498R/N501Y/Y505H
BA.2.9.6,T19I/G142D/G339D/S371F/S373P/S375F/T376A/D405N/R408S/K417N/N440K/L452M/S477N/T478K/E484A/Q493R/Q498R/N501Y/Y505H
BA.2.9.7,T19I/G142D/S477N/T478K/E484A/Q493R/Q498R/N501Y/Y505H
BA.3,G339H/R346T/L368I/S371F/S373P/S375F/T376A/D405N/R408S/K417N/N440K/V445P/G446S/N460K/S477N/T478K/E484A/F486P/F490S/Q498R/N501Y/Y505H
BA.4,T19I/G142D/G339D/S371F/S373P/S375F/T376A/D405N/R408S/K417N/N440K/L452R/S477N/T478K/E484A/F486V/Q498R/N501Y/Y505H
BA.4.1,T19I/G142D/G339D/S371F/S373P/S375F/T376A/D405N/R408S/K417N/N440K/L452R/S477N/T478K/E484A/F486V/Q498R/N501Y/Y505H
BA.4.1.1,T19I/G142D/G339D/S371F/S373P/S375F/T376A/D405N/R408S/K417N/L452R/T478K/E484A/F486V/Q498R/N501Y/Y505H
BA.4.1.6,T19I/G142D/G339D/S371F/S373P/S375F/T376A/D405N/R408S/K417N/N440K/L452R/S477N/T478K/E484A/F486V/Q498R/N501Y/Y505H
BA.4.1.8,T19I/G142D/G339D/R346T/S371F/S373P/S375F/T376A/D405N/R408S/K417N/N440K/L452R/S477N/T478K/E484A/F486V/Q498R/N501Y/Y505H
BA.4.1.9,T19I/G142D/G339D/R346T/S371F/S373P/S375F/T376A/D405N/R408S/K417N/N440K/L452R/S477N/T478K/E484A/F486V/Q498R/N501Y/Y505H
BA.4.2,T19I/G142D/G339D/S371F/S373P/S375F/T376A/D405N/R408S/K417N/N440K/L452R/S477N/T478K/E484A/F486V/Q498R/N501Y/Y505H
BA.4.4,T19I/G142D/G339D/S371F/S373P/S375F/T376A/D405N/R408S/K417N/N440K/L452R/S477N/T478K/E484A/F486V/Q498R/N501Y/Y505H
BA.4.6,T19I/G142D/G339D/R346T/S371F/S373P/S375F/T376A/D405N/R408S/K417N/N440K/L452R/S477N/T478K/E484A/F486V/Q498R/N501Y/Y505H
BA.4.6.1,T19I/G142D/W152L/G339D/R346T/S371F/S373P/S375F/T376A/D405N/N501Y/Y505H
BA.4.6.5,T19I/G142D/G339D/R346T/S371F/S373P/S375F/T376A/D405N/R408S/K417N/N440K/L452R/S477N/T478K/E484A/F486V/Q498R/N501Y/Y505H
BA.4.7,T19I/G142D/G339D/R346S/S371F/S373P/S375F/T376A/D405N/R408S/K417N/L452R/S477N/T478K/E484A/F486V/Q498R/N501Y/Y505H
BA.5,T19I/G142D/G339D/S371F/S373P/S375F/T376A/D405N/R408S/K417N/L452R/S477N/T478K/E484A/F486V/Q498R/N501Y/Y505H
BA.5.1,T19I/G142D/G339D/S371F/S373P/S375F/T376A/D405N/R408S/K417N/N440K/L452R/S477N/T478K/E484A/F486V/Q498R/N501Y/Y505H
BA.5.1.1,T19I/G142D/G339D/S371F/S373P/S375F/T376A/D405N/R408S/K417N/N440K/L452R/S477N/T478K/E484A/F486V/Q498R/N501Y/Y505H
BA.5.1.10,T19I/G142D/G339D/S371F/S373P/S375F/T376A/D405N/R408S/K417N/L452R/S477N/T478K/E484A/F486V/Q498R/N501Y/Y505H
BA.5.1.12,T19I/G142D/G339D/S371F/S373P/S375F/T376A/D405N/R408S/K417N/N440K/V445A/L452R/S477N/T478K/E484A/F486V/Q498R/N501Y/Y505H
BA.5.1.15,T19I/G142D/G339D/S371F/S373P/S375F/T376A/D405N/R408S/K417N/L452R/S477N/T478K/E484A/F486V/Q498R/N501Y/Y505H
BA.5.1.17,T19I/G142D/G339D/S371F/S373P/S375F/T376A/D405N/R408S/K417N/N440K/L452R/S477N/T478K/E484A/F486V/Q498R/N501Y/Y505H
BA.5.1.18,T19I/G142D/G339D/R346T/S371F/S373P/S375F/T376A/D405N/R408S/K417N/N440K/L452R/S477N/T478K/E484A/F486V/Q498R/N501Y/Y505H
BA.5.1.19,T19I/G339D/S371F/S373P/S375F/T376A/D405N/R408S/K417N/L452R/S477N/T478K/E484A/F486V/Q498R/N501Y/Y505H
BA.5.1.2,T19I/G142D/G339D/S371F/S373P/S375F/T376A/D405N/R408S/K417N/L452R/S477N/T478K/E484A/F486V/Q498R/N501Y/Y505H
BA.5.1.21,T19I/G142D/G339D/S371F/S373P/S375F/T376A/D405N/R408S/K417N/N440K/L452R/S477N/T478K/E484A/F486V/Q498R/N501Y/Y505H
BA.5.1.22,T19I/G142D/G339D/S371F/S373P/S375F/T376A/D405N/R408S/K417N/N440K/L452R/S477N/T478K/E484A/F486V/Q498R/N501Y/Y505H
BA.5.1.23,T19I/G142D/G339D/S371F/S373P/S375F/T376A/D405N/R408S/K417N/N440K/L452R/S477N/T478K/E484A/F486V/Q498R/N501Y/Y505H
BA.5.1.24,T19I/G142D/G339D/S371F/S373P/S375F/T376A/D405N/R408S/K417N/L452R/S477N/T478K/E484A/F486V/Q498R/N501Y/Y505H
BA.5.1.25,T19I/G142D/G339D/S371F/S373P/S375F/T376A/D405N/R408S/K417N/N440K/L452R/S477N/T478K/E484A/F486V/Q498R/N501Y/Y505H
BA.5.1.27,T19I/G142D/G339D/R346T/S371F/S373P/S375F/T376A/D405N/K417N/E484A/Q498R/N501Y/Y505H
BA.5.1.28,T19I/G142D/G339D/R346T/S371F/S373P/S375F/T376A/D405N/R408S/K417N/N440K/L452R/S477N/T478K/E484A/F486V/Q498R/N501Y/Y505H
BA.5.1.3,T19I/G142D/G339D/S371F/S373P/S375F/T376A/D405N/R408S/K417N/N440K/L452R/S477N/T478K/E484A/F486V/Q498R/N501Y/Y505H
BA.5.1.30,T19I/G142D/G339D/S371F/S373P/S375F/T376A/D405N/R408S/K417N/N440K/L452R/S477N/T478K/E484A/F486V/Q498R/N501Y/Y505H
BA.5.1.33,T19I/G142D/G339D/S371F/S373P/S375F/T376A/D405N/R408S/K417N/L452R/S477N/T478K/E484A/F486V/Q498R/N501Y/Y505H
BA.5.1.35,T19I/G142D/G339D/S371F/S373P/S375F/T376A/D405N/R408S/K417N
BA.5.1.4,T19I/G142D/G339D/S371F/S373P/S375F/T376A/D405N/R408S/K417N/N440K/L452R/S477N/T478K/E484A/F486V/Q498R/N501Y/Y505H
BA.5.1.5,T19I/G142D/G339D/S371F/S373P/S375F/T376A/D405N/R408S/K417N/N440K/L452R/S477N/T478K/E484A/F486V/Q498R/N501Y/Y505H
BA.5.1.6,T19I/G142D/G339D/S371F/S373P/S375F/T376A/D405N/R408S/K417N/N440K/L452R/S477N/T478K/E484A/F486V/Q498R/N501Y/Y505H
BA.5.1.8,T19I/G142D/G339D/S371F/S373P/S375F/T376A/D405N/R408S/K417N/N440K/L452R/S477N/T478K/E484A/F486V/Q498R/N501Y/Y505H
BA.5.10,T19I/G142D/A262S/G339D/S371F/S373P/S375F/T376A/D405N/R408S/K417N/N440K/L452R/S477N/T478K/E484A/F486V/Q498R/N501Y/Y505H
BA.5.10.1,T19I/G142D/A262S/G339D/R346T/S371F/S373P/S375F/T376A/D405N/R408S/K417N/N440K/L452R/S477N/T478K/E484A/F486V/Q498R/N501Y/Y505H
BA.5.11,T19I/G142D/G339D/R346T/S371F/S373P/S375F/T376A/D405N/R408S/K417N/N440K/L452R/S477N/T478K/E484A/F486V/Q498R/N501Y/Y505H
BA.5.2,T19I/G142D/G339D/S371F/S373P/S375F/T376A/D405N/R408S/K417N/N440K/L452R/S477N/T478K/E484A/F486V/Q498R/N501Y/Y505H
BA.5.2.1,T19I/G142D/G339D/S371F/S373P/S375F/T376A/D405N/R408S/K417N/N440K/L452R/S477N/T478K/E484A/F486V/Q498R/N501Y/Y505H
BA.5.2.13,T19I/G142D/G339D/R346T/S371F/S373P/S375F/T376A/D405N/R408S/K417N/N440K/L452R/S477N/T478K/E484A/F486V/Q498R/N501Y/Y505H
BA.5.2.16,T19I/G142D/G339D/S371F/S373P/S375F/T376A/D405N/R408S/K417N/L452R/S477N/T478K/E484A/F486V/Q498R/N501Y/Y505H
BA.5.2.20,T19I/G142D/G339D/S371F/S373P/S375F/T376A/D405N/R408S/K417N/N440K/L452R/S477N/T478K/E484A/F486V/Q498R/N501Y/Y505H
BA.5.2.21,T19I/G142D/G339D/S371F/S373P/S375F/T376A/D405N/R408S/K417N/N440K/L452R/S477N/T478K/E484A/F486V/Q498R/N501Y/Y505H
BA.5.2.22,T19I/G142D/G339D/S371F/S373P/S375F/T376A/D405N/R408S/K417N/N440K/L452R/S477N/T478K/E484A/F486V/Q498R/N501Y/Y505H
BA.5.2.23,T19I/G142D/Y145H/S255F/G339D/S371F/S373P/S375F/T376A/D405N/R408S/K417N/N440K/V445A/L452R/S477N/T478K/E484A/F486V/Q498R/N501Y/Y505H
BA.5.2.24,T19I/G339D/S371F/S373P/S375F/T376A/D405N/R408S/K417N/N440K/K444N/L452R/S477N/T478K/E484A/F486V/Q498R/N501Y/Y505H
BA.5.2.26,T19I/G142D/G339D/S371F/S373P/S375F/T376A/D405N/R408S/K417N/N440K/L452R/S477N/T478K/E484A/F486V/Q498R/N501Y/Y505H
BA.5.2.28,T19I/G142D/G339D/S371F/S373P/S375F/T376A/D405N/R408S/K417N/S477N/T478K/E484A/Q498R/N501Y/Y505H
BA.5.2.29,T19I/G142D/G339D/S371F/S373P/S375F/T376A/D405N/R408S/K417N/N440K/S477N/T478K/E484A/F486V/Q498R/N501Y/Y505H
BA.5.2.3,T19I/G142D/G339D/S371F/S373P/S375F/T376A/D405N/R408S/K417N/S477N/T478K/E484A/F486V/Q498R/N501Y/Y505H
BA.5.2.31,T19I/G142D/G339D/S371F/S373P/S375F/T376A/D405N/R408S/K417N/N440K/L452R/S477N/T478K/E484A/F486V/Q498R/N501Y/Y505H
BA.5.2.32,T19I/G142D/G339D/S371F/S373P/S375F/T376A/D405N/R408S/K417N/N440K/N450D/L452R/S477N/T478K/E484A/F486V/Q498R/N501Y/Y505H
BA.5.2.33,T19I/G142D/G339D/S371F/S373P/S375F/T376A/D405N/R408S/K417N/N440K/L452R/S477N/T478K/E484A/F486V/Q498R/N501Y/Y505H
BA.5.2.34,T19I/G142D/G339D/R346T/S371F/S373P/S375F/T376A/D405N/R408S/K417N/L452R/S477N/T478K/E484A/F486V/Q498R/N501Y/Y505H
BA.5.2.35,T19I/G142D/G339D/R346T/S371F/S373P/S375F/T376A/D405N/R408S/K417N/L452R/S477N/T478K/E484A/F486V/Q498R/N501Y/Y505H
BA.5.2.36,T19I/G142D/G339D/S371F/S373P/S375F/T376A/D405N/R408S/K417N/N440K/K444T/L452R/S477N/T478K/E484A/F486V/Q498R/N501Y/Y505H
BA.5.2.37,T19I/G142D/Y145H/G339D/S373P/S375F/T376A/D405N/R408S/K417N/N440K/L452R/S477N/T478K/E484A/F486V/Q498R/N501Y/Y505H
BA.5.2.39,T19I/G142D/G339D/R346T/S371F/S373P/S375F/T376A/D405N/R408S/K417N/N440K/L452R/S477N/T478K/E484A/F486V/Q498R/N501Y/Y505H
BA.5.2.47,T19I/G142D/G339D/R346T/S371F/S373P/S375F/T376A/D405N/R408S/K417N/L452R/S477N/T478K/E484A/F486V/Q498R/N501Y/Y505H
BA.5.2.52,T19I/G142D/G339D/S371F/S373P/S375F/T376A/D405N/R408S/K417N/N440K/N450D/L452R/S477N/T478K/E484A/F486V/Q498R/N501Y/Y505H
BA.5.2.54,T19I/G339D/S371F/S373P/S375F/T376A/D405N/R408S/K417N/N450D/L452R/S477N/T478K/E484A/F486V/Q498R/N501Y/Y505H
BA.5.2.57,T19I/G142D/G339D/R346S/S371F/S373P/S375F/T376A/D405N/R408S/K417N/N440K/L452R/S477N/T478K/E484A/F486V/Q498R/N501Y/Y505H
BA.5.2.59,T19I/G142D/G339D/R346S/S371F/S373P/S375F/T376A/D405N/R408S/K417N/N440K/L452R/S477N/T478K/E484A/F486V/Q498R/N501Y/Y505H
BA.5.2.6,T19I/G142D/G339D/R346T/S371F/S373P/S375F/T376A/D405N/R408S/K417N/N440K/L452R/S477N/T478K/E484A/F486V/Q498R/N501Y/Y505H
BA.5.2.8,T19I/G142D/G339D/S371F/S373P/S375F/T376A/D405N/R408S/K417N/N440K/L452R/S477N/T478K/E484A/F486V/Q498R/N501Y/Y505H
BA.5.2.9,T19I/G142D/G339D/S371F/S373P/S375F/T376A/D405N/R408S/K417N/N440K/L452R/S477N/T478K/E484A/F486V/Q498R/N501Y/Y505H
BA.5.3,T19I/G142D/G339D/S371F/S373P/S375F/T376A/D405N/R408S/K417N/L452R/S477N/T478K/E484A/F486V/Q498R/N501Y/Y505H
BA.5.3.1,T19I/G142D/G339D/S371F/S373P/S375F/T376A/D405N/R408S/K417N/L452R/S477N/T478K/E484A/F486V/Q498R/N501Y/Y505H
BA.5.5,T19I/G142D/G339D/S371F/S373P/S375F/T376A/D405N/R408S/K417N/N440K/L452R/S477N/T478K/E484A/F486V/Q498R/N501Y/Y505H
BA.5.5.1,T19I/G142D/G339D/S371F/S373P/S375F/T376A/D405N/R408S/K417N/N440K/N450D/L452R/S477N/T478K/E484A/F486V/Q498R/N501Y/Y505H
BA.5.5.2,T19I/G142D/G339D/S371F/S373P/S375F/T376A/D405N/R408S/K417N/N440K/L452R/S477N/T478K/E484A/F486V/Q498R/N501Y/Y505H
BA.5.5.3,T19I/G142D/G339D/S371F/S373P/S375F/T376A/D405N/R408S/K417N/N440K/L452R/S477N/T478K/E484A/F486V/Q498R/N501Y/Y505H
BA.5.6,T19I/G142D/G339D/S371F/S373P/S375F/T376A/D405N/R408S/K417N/N440K/L452R/S477N/T478K/E484A/F486V/Q498R/N501Y/Y505H
BA.5.6.1,T19I/G142D/G339D/S371F/S373P/S375F/T376A/D405N/R408S/K417N/L452R/S477N/T478K/E484A/F486V/Q498R/N501Y/Y505H
BA.5.6.2,T19I/G142D/G339D/S371F/S373P/S375F/T376A/D405N/R408S/K417N/N440K/K444T/L452R/S477N/T478K/E484A/F486V/Q498R/N501Y/Y505H
BA.5.6.3,T19I/G142D/G339D/R346T/S371F/S373P/S375F/T376A/D405N/R408S/K417N/N440K/L452R/S477N/T478K/E484A/F486V/Q498R/N501Y/Y505H
BA.5.8,T19I/G142D/G339D/S371F/S373P/S375F/T376A/D405N/R408S/K417N/N440K/L452R/S477N/T478K/E484A/F486V/Q498R/N501Y/Y505H
BA.5.9,T19I/G142D/G339D/R346I/S371F/S373P/S375F/T376A/D405N/R408S/K417N/N440K/L452R/S477N/T478K/E484A/F486V/Q498R/N501Y/Y505H
BE.1,T19I/G142D/G339D/S371F/S373P/S375F/T376A/D405N/R408S/K417N/N440K/L452R/S477N/T478K/E484A/F486V/Q498R/N501Y/Y505H
BE.1.1,T19I/G142D/G339D/S371F/S373P/S375F/T376A/D405N/R408S/K417N/L452R/S477N/T478K/E484A/F486V/Q498R/N501Y/Y505H
BE.1.1.1,T19I/G142D/G339D/S373P/S375F/T376A/D405N/R408S/K417N/N440K/K444T/L452R/S477N/T478K/E484A/F486V/Q498R/N501Y/Y505H
BE.1.1.2,T19I/G142D/G339D/S371F/S373P/S375F/T376A/D405N/R408S/K417N/N440K/L452R/S477N/T478K/E484A/F486V/Q498R/N501Y/Y505H
BE.1.2,T19I/G142D/G339D/R346T/S371F/S373P/S375F/T376A/D405N/R408S/K417N/N440K/L452R/S477N/T478K/E484A/F486V/Q498R/N501Y/Y505H
BE.1.2.1,T19I/G142D/G339D/R346T/S371F/S373P/S375F/T376A/D405N/R408S/K417N/N440K/V445A/L452R/S477N/T478K/E484A/F486V/Q498R/N501Y/Y505H
BE.1.3,T19I/G142D/M153I/G339D/S371F/S373P/S375F/T376A/D405N/R408S/K417N/N440K/L452R/S477N/T478K/E484A/F486V/Q498R/N501Y/Y505H
BE.1.4,T19I/G142D/G339D/S371F/S373P/S375F/T376A/D405N/R408S/K417N/N440K/L452R/S477N/T478K/E484A/F486V/Q498R/N501Y/Y505H
BE.1.4.1,T19I/G142D/G339D/S371F/S373P/S375F/T376A/D405N/R408S/K417N/N440K/L452R/S477N/T478K/E484A/F486V/Q498R/N501Y/Y505H
BE.1.4.2,T19I/G142D/G339D/R346T/S371F/S373P/S375F/T376A/D405N/R408S/K417N/N440K/L452R/S477N/T478K/E484A/F486V/Q498R/N501Y/Y505H
BE.1.4.3,T19I/G142D/G339D/S373P/S375F/T376A/D405N/R408S/K417N/N440K/V445A/L452R/S477N/T478K/E484A/F486V/Q498R/N501Y/Y505H
BE.10,T19I/G142D/G339D/S371F/S373P/S375F/T376A/D405N/R408S/K417N/N440K/K444T/L452R/N460K/S477N/T478K/E484A/F486V/Q498R/N501Y/Y505H
BE.2,T19I/G142D/G339D/S371F/S373P/S375F/T376A/D405N/R408S/K417N/N440K/L452R/S477N/T478K/E484A/F486V/Q498R/N501Y/Y505H
BE.3,T19I/G142D/G339D/S371F/S373P/S375F/T376A/D405N/R408S/K417N/N440K/L452R/S477N/T478K/E484A/F486V/Q498R/N501Y/Y505H
BE.4,T19I/G142D/G339D/S371F/S373P/S375F/T376A/D405N/R408S/K417N/L452R/S477N/T478K/E484A/F486V/Q498R/N501Y/Y505H
BE.5,T19I/G142D/G339D/S371F/S373P/S375F/T376A/D405N/R408S/K417N/N440K/L452R/S477N/T478K/E484A/F486V/Q498R/N501Y/Y505H
BE.9,T19I/G142D/G339D/S373P/S375F/T376A/D405N/R408S/K417N/N440K/K444T/L452R/N460K/S477N/T478K/E484A/F486V/Q498R/N501Y/Y505H
BF.1,T19I/G142D/G339D/S371F/S373P/S375F/T376A/D405N/R408S/K417N/N440K/L452R/S477N/T478K/E484A/F486V/Q498R/N501Y/Y505H
BF.1.1,T19I/G142D/G339D/S371F/S373P/S375F/T376A/D405N/K417N/N440K/L452R/S477N/T478K/E484A/F486V/Q498R/N501Y/Y505H
BF.10,T19I/G142D/G339D/S371F/S373P/S375F/T376A/D405N/R408S/K417N/N440K/L452R/S477N/T478K/E484A/F486V/Q498R/N501Y/Y505H
BF.10.1,T19I/G142D/G339D/S371F/S373P/S375F/T376A/D405N/R408S/K417N/N440K/V445A/G446S/L452R/S477N/T478K/E484A/F486V/Q498R/N501Y/Y505H
BF.11,T19I/G142D/G339D/R346T/S371F/S373P/S375F/T376A/D405N/R408S/K417N/N440K/L452R/S477N/T478K/E484A/F486V/Q498R/N501Y/Y505H
BF.11.1,T19I/G142D/G339D/R346T/S371F/S373P/S375F/T376A/D405N/R408S/K417N/N440K/L452R/S477N/T478K/E484A/F486V/Q498R/N501Y/Y505H
BF.11.2,T19I/G142D/K147N/G339D/R346T/S371F/S373P/S375F/T376A/D405N/R408S/K417N/N440K/L452R/S477N/T478K/E484A/F486V/Q498R/N501Y/Y505H
BF.12,T19I/G142D/G339D/S371F/S373P/S375F/T376A/D405N/R408S/K417N/S477N/T478K/E484A/F486I/Q498R/N501Y/Y505H
BF.13,T19I/G142D/G339D/R346S/S371F/S373P/S375F/T376A/D405N/R408S/K417N/N440K/L452R/S477N/T478K/E484A/F486V/Q498R/N501Y/Y505H
BF.14,T19I/G142D/G339D/S371F/S373P/S375F/T376A/D405N/R408S/K417N/N440K/N450D/L452R/S477N/T478K/E484A/F486V/Q498R/N501Y/Y505H
BF.2,T19I/G142D/Y248F/G339D/S371F/S373P/S375F/T376A/D405N/R408S/K417N/N440K/L452R/S477N/T478K/E484A/F486V/Q498R/N501Y/Y505H
BF.21,T19I/G142D/G339D/S371F/S373P/S375F/T376A/D405N/R408S/K417N/N440K/L452R/S477N/T478K/E484A/F486V/Q498R/N501Y/Y505H
BF.22,T19I/G142D/G339D/S371F/S373P/S375F/T376A/D405N/R408S/K417N/L452R/S477N/T478K/E484A/F486V/Q498R/N501Y/Y505H
BF.25,T19I/G142D/G339D/S371F/S373P/S375F/T376A/D405N/R408S/K417N/N440K/V445A/L452R/S477N/T478K/E484A/F486V/Q498R/N501Y/Y505H
BF.26,T19I/G142D/G339D/S371F/S373P/S375F/T376A/D405N/R408S/K417N/N440K/L452R/S477N/T478K/E484A/F486V/Q498R/N501Y/Y505H
BF.27,T19I/G142D/G339D/S371F/S373P/S375F/T376A/D405N/R408S/K417N/N440K/L452R/S477N/T478K/E484A/F486V/Q498R/N501Y/Y505H
BF.28,T19I/G142D/G339D/S371F/S373P/S375F/T376A/D405N/R408S/K417N/N440K/L452R/S477N/T478K/E484A/F486V/Q498R/N501Y/Y505H
BF.31,T19I/G142D/G339D/S371F/S373P/S375F/T376A/D405N/R408S/K417N/N440K/L452R/S477N/T478K/E484A/F486V/Q498R/N501Y/Y505H
BF.32,T19I/G142D/G339D/S371F/S373P/S375F/T376A/D405N/R408S/K417N/N440K/N450D/L452R/S477N/T478K/E484A/F486V/Q498R/N501Y/Y505H
BF.36,T19I/G142D/G339D/S371F/S373P/S375F/T376A/D405N/R408S/K417N/N440K/L452R/S477N/T478K/E484A/F486V/Q498R/N501Y/Y505H
BF.39,T19I/G142D/G339D/S371F/S373P/S375F/T376A/D405N/R408S/K417N/N440K/L452R/S477N/T478K/E484A/F486V/Q498R/N501Y/Y505H
BF.39.1,T19I/G142D/G339D/S371F/S373P/S375F/T376A/D405N/R408S/N440K/V445A/N450D/L452R/S477N/T478K/E484A/F486V/Q498R/N501Y/Y505H
BF.4,T19I/G142D/T259A/G339D/S371F/S373P/S375F/T376A/D405N/R408S/K417N/N440K/L452R/S477N/T478K/E484A/F486V/Q498R/N501Y/Y505H
BF.40,T19I/G142D/G339D/S371F/S373P/S375F/T376A/D405N/R408S/K417N/N440K/V445A/L452R/S477N/T478K/E484A/F486V/Q498R/N501Y/Y505H
BF.5,T19I/G142D/G339D/S371F/S373P/S375F/T376A/D405N/R408S/K417N/N440K/L452R/S477N/T478K/E484A/F486V/Q498R/N501Y/Y505H
BF.7,T19I/G142D/G339D/R346T/S371F/S373P/S375F/T376A/D405N/R408S/K417N/N440K/L452R/S477N/T478K/E484A/F486V/Q498R/N501Y/Y505H
BF.7.19,T19I/G142D/G339D/R346T/S371F/S373P/S375F/T376A/D405N/R408S/K417N/N440K/L452R/S477N/T478K/E484A/F486V/Q498R/N501Y/Y505H
BF.7.21,T19I/G142D/G339D/R346T/S371F/S373P/S375F/T376A/D405N/R408S/L452R/S477N/T478K/E484A/F486V/Q498R/N501Y/Y505H
BF.7.22,T19I/G142D/G339D/R346T/S371F/S373P/S375F/T376A/D405N/R408S/K417N/N440K/L452R/S477N/T478K/E484A/F486V/Q498R/N501Y/Y505H
BF.7.24,T19I/G142D/G339D/R346T/S371F/S373P/S375F/T376A/D405N/R408S/K417N/N440K/L452R/S477N/T478K/E484A/F486V/Q498R/N501Y/Y505H
BF.7.3,T19I/G142D/G339D/R346T/S371F/S373P/S375F/T376A/D405N/R408S/K417N/N440K/L452R/S477N/T478K/E484A/F486V/Q498R/N501Y/Y505H
BF.7.4,T19I/G142D/G339D/R346T/S371F/S373P/S375F/T376A/D405N/R408S/K417N/N440K/L452R/S477N/T478K/E484A/F486V/Q498R/N501Y/Y505H
BF.7.4.1,T19I/G142D/G339D/R346T/S371F/S373P/S375F/T376A/D405N/R408S/K417N/N440K/L452R/S477N/T478K/E484A/F486V/Q498R/N501Y/Y505H
BF.7.4.2,T19I/G142D/G339D/R346T/S371F/S373P/S375F/T376A/D405N/S477N/T478K/E484A/F486V/Q498R/N501Y/Y505H
BF.7.5,T19I/G142D/G339D/R346T/S371F/S373P/S375F/T376A/D405N/R408S/K417N/N440K/L452R/S477N/T478K/E484A/F486V/Q498R/N501Y/Y505H
BF.7.6,T19I/G142D/G339D/R346T/S371F/S373P/S375F/T376A/D405N/R408S/K417N/N440K/L452R/S477N/T478K/E484A/F486V/Q498R/N501Y/Y505H
BF.7.7,T19I/G142D/W152L/G339D/R346T/S371F/S373P/S375F/T376A/D405N/R408S/K417N/N440K/L452R/S477N/T478K/E484A/F486V/Q498R/N501Y/Y505H
BF.8,T19I/G142D/G339D/S371F/S373P/S375F/T376A/D405N/R408S/K417N/L452R/S477N/T478K/E484A/F486V/Q498R/N501Y/Y505H
BG.1,T19I/G142D/G339D/S371F/S373P/S375F/T376A/D405N/S477N/T478K/E484A/Q493R/Q498R/N501Y/Y505H
BG.2,G142D/G339D/S371F/S373P/S375F/T376A/D405N/R408S/K417N/N440K/L452Q/S477N/T478K/E484A/Q498R/N501Y/Y505H
BG.3,T19I/G142D/G339D/S371F/S373P/S375F/T376A/D405N/R408S/K417N/N440K/L452Q/S477N/T478K/E484A/Q493R/Q498R/N501Y/Y505H
BG.4,T19I/G142D/G339D/S371F/S373P/S375F/T376A/D405N/S477N/T478K/E484A/Q493R/Q498R/N501Y/Y505H
BG.5,T19I/G142D/G339D/S371F/S373P/S375F/T376A/D405N/R408S/K417N/L452Q/S477N/E484A/Q493R/Q498R/N501Y/Y505H
BK.1,T19I/G142D/G339D/S371F/S373P/S375F/T376A/D405N/R408S/K417N/N440K/L452R/S477N/T478K/E484A/F486V/Q498R/N501Y/Y505H
BL.6,T19I/G142D/K147E/W152R/F157L/G257S/G339H/R346T/S371F/S373P/S375F/T376A/D405N/R408S/K417N/N440K/V445A/G446S/N460K/S477N/T478K/E484A/Q498R/N501Y/Y505H
BM.1,T19I/G142D/K147E/W152R/F157L/G257S/G339H/S371F/S373P/S375F/T376A/D405N/R408S/N460K/S477N/T478K/E484A/F486S/Q498R/N501Y/Y505H
BM.1.1,T19I/K147E/W152R/F157L/G257S/G339H/R346T/S371F/S373P/S375F/T376A/D405N/R408S/N440K/N460K/S477N/T478K/E484A/Q498R/N501Y/Y505H
BM.1.1.3,T19I/G142D/K147E/W152R/F157L/G257S/G339H/R346T/S373P/S375F/T376A/D405N/R408S/K417N/N440K/G446S/N460K/S477N/T478K/E484A/F486S/Q498R/N501Y/Y505H
BM.4.1.1,T19I/K147E/W152R/F157L/G257S/G339H/R346T/Q498R/Y505H
BN.1,T19I/G142D/K147E/W152R/F157L/G257S/G339H/R346T/K356T/S371F/S373P/S375F/T376A/D405N/R408S/K417N/N440K/G446S/N460K/S477N/T478K/E484A/F490S/Q498R/N501Y/Y505H
BN.1.10,T19I/G142D/H146Q/G339H/R346T/K356T/S371F/S373P/S375F/T376A/D405N/R408S/N440K/G446S/N460K/S477N/T478K/E484A/F490S/Q498R/N501Y/Y505H
BN.1.2,T19I/G142D/K147E/W152R/F157L/G257S/G339H/R346T/K356T/S371F/S373P/S375F/T376A/D405N/S477N/T478K/E484A/F490S/Q498R/N501Y/Y505H
BN.1.2.1,T19I/K147E/W152R/F157L/G339H/R346T/K356T/S373P/S375F/T376A/D405N/R408S/K417N/Q498R
BN.1.2.3,T19I/G142D/K147E/W152R/F157L/G257S/G339H/R346T/K356T/S371F/S373P/S375F/T376A/D405N/S477N/T478K/E484A/F490S/Q498R/N501Y/Y505H
BN.1.3,T19I/K147E/W152R/F157L/G257S/G339H/R346T/K356T/S371F/S373P/S375F/T376A/D405N/R408S/K417N/N440K/G446S/N460K/S477N/T478K/E484A/F490S/Q498R/N501Y/Y505H
BN.1.3.1,T19I/K147E/W152R/F157L/G339H/R346T/K356T/S371F/S373P/S375F/T376A/D405N/R408S/N440K/G446S/N460K/S477N/T478K/E484A/F490S/Q498R/N501Y/Y505H
BN.1.3.5,T19I/G142D/K147E/W152R/F157L/G257S/G339H/R346T/K356T/S371F/S373P/S375F/T376A/D405N/R408S/K417N/N440K/G446S/N460K/S477N/T478K/E484A/F490S/Q498R/N501Y/Y505H
BN.1.3.6,T19I/K147E/W152R/F157L/G339H/R346T/K356T/S371F/S373P/S375F/T376A/D405N/R408S/N440K/G446S/N460K/S477N/T478K/E484A/F490S/Q498R/N501Y/Y505H
BN.1.4,T19I/G142D/K147E/W152R/F157L/G257S/G339H/R346T/K356T/S371F/S373P/S375F/T376A/D405N/R408S/K417N/N440K/G446S/N460K/S477N/T478K/E484A/F490S/Q498R/N501Y/Y505H
BN.1.4.3,T19I/G142D/K147E/W152R/F157L/G257S/G339H/R346T/K356T/S371F/S373P/S375F/T376A/D405N/R408S/K417N/N440K/G446S/N460K/S477N/T478K/E484A/F490S/Q498R/N501Y/Y505H
BN.1.5,T19I/G142D/K147E/W152R/F157L/G257S/G339H/R346T/K356T/S371F/S373P/S375F/T376A/D405N/R408S/N440K/G446S/N460K/S477N/T478K/E484A/F490S/Q498R/N501Y/Y505H
BN.1.5.2,T19I/G142D/K147E/W152R/F157L/G257S/G339H/R346T/K356T/S371F/S373P/S375F/T376A/D405N/R408S/K417N/N440K/N460K/S477N/T478K/N481K/E484A/F490S/Q498R/N501Y/Y505H
BN.1.7,T19I/G142D/K147E/W152R/F157L/G257S/G339H/R346T/K356T/S371F/S373P/S375F/T376A/D405N/R408S/N440K/G446S/N460K/S477N/T478K/E484A/F490S/Q498R/N501Y/Y505H
BN.1.9,T19I/G142D/K147E/W152R/F157L/G257S/R346T/K356T/S371F/S373P/S375F/T376A/D405N/R408S/K417N/N440K/G446S/N460K/S477N/T478K/E484A/F490S/Q498R/N501Y/Y505H
BN.3.1,T19I/K147E/W152R/F157L/G257S/G339H/K356T/S371F/S373P/S375F/T376A/D405N/R408S/K417N/N440K/G446S/N450D/N460K/S477N/T478K/E484A/F490S/Q498R/N501Y/Y505H
BQ.1,T19I/G142D/G339D/S371F/S373P/S375F/T376A/D405N/R408S/K417N/N440K/K444T/L452R/N460K/S477N/T478K/E484A/F486V/Q498R/N501Y/Y505H
BQ.1.1,T19I/G142D/G339D/R346T/S371F/S373P/S375F/T376A/D405N/R408S/K417N/N440K/K444T/L452R/N460K/S477N/T478K/E484A/F486V/Q498R/N501Y/Y505H
BQ.1.1.1,T19I/G142D/G339D/R346T/S371F/S373P/S375F/T376A/D405N/R408S/K417N/N440K/K444T/L452R/N460K/S477N/T478K/E484A/F486V/Q498R/N501Y/Y505H
BQ.1.1.10,T19I/G142D/G339D/R346T/S371F/S373P/S375F/T376A/D405N/R408S/K417N/N440K/K444T/L452R/N460K/S477N/T478K/E484A/F486V/Q498R/N501Y/Y505H
BQ.1.1.11,T19I/G142D/G339D/R346T/S371F/S373P/S375F/T376A/D405N/R408S/K417N/N440K/K444T/L452R/N460K/S477N/T478K/E484A/F486V/S494P/Q498R/N501Y/Y505H
BQ.1.1.13,T19I/G142D/G339D/R346T/S371F/S373P/S375F/T376A/D405N/R408S/K417N/L452R/N460K/S477N/T478K/E484A/F486V/Q498R/N501Y/Y505H
BQ.1.1.15,T19I/G142D/G339D/R346T/S371F/S373P/S375F/T376A/D405N/R408S/K417N/N440K/K444T/L452R/N460K/S477N/T478K/E484A/F486V/Q498R/N501Y/Y505H
BQ.1.1.17,T19I/G142D/G339D/R346T/S371F/S373P/S375F/T376A/D405N/R408S/K417N/N440K/K444T/L452R/N460K/S477N/T478K/E484A/F486V/Q498R/N501Y/Y505H
BQ.1.1.18,T19I/G142D/G339D/R346T/S371F/S373P/S375F/T376A/D405N/R408S/K417N/N440K/K444T/L452R/N460K/S477N/T478K/E484A/F486V/Q498R/N501Y/Y505H
BQ.1.1.2,T19I/G142D/D253G/G339D/R346T/S371F/S373P/S375F/T376A/D405N/R408S/K417N/N440K/K444T/L452R/N460K/S477N/T478K/E484A/F486V/Q498R/N501Y/Y505H
BQ.1.1.23,T19I/G142D/G339D/R346T/S371F/S373P/S375F/T376A/D405N/R408S/K417N/N440K/K444T/L452R/N460K/S477N/T478K/E484A/F486V/Q498R/N501Y/Y505H
BQ.1.1.26,T19I/G142D/G339D/R346T/S371F/S373P/S375F/T376A/D405N/R408S/K417N
BQ.1.1.27,T19I/G142D/G339D/R346T/S371F/S373P/S375F/T376A/D405N/R408S/K417N/L452R/N460K/S477N/T478K/E484A/F486V/Q498R/N501Y/Y505H
BQ.1.1.28,T19I/G142D/P251L/G339D/R346T/S373P/S375F/T376A/N440K/K444T/L452R/N460K/S477N/T478K/E484A/F486V/Q498R/N501Y/Y505H
BQ.1.1.29,T19I/G142D/G339D/R346T/S371F/S373P/S375F/T376A/D405N/R408S/K417N/N440K/K444T/L452R/N460K/S477N/T478K/E484A/F486V/Q498R/N501Y/Y505H
BQ.1.1.3,T19I/G142D/G339D/R346T/S371F/S373P/S375F/T376A/D405N/R408S/K417N/N440K/K444T/L452R/N460K/S477N/T478K/E484A/F486V/Q498R/N501Y/Y505H
BQ.1.1.31,T19I/G142D/S256L/G339D/R346T/S371F/S373P/S375F/T376A/D405N/R408S/K417N/N440K/K444T/L452R/N460K/S477N/T478K/E484A/F486V/Q498R/N501Y/Y505H
BQ.1.1.32,T19I/M153I/G339D/R346T/S371F/S373P/S375F/T376A/D405N/R408S/K417N/N440K/K444T/L452R/N460K/S477N/T478K/E484A/F486V/Q498R/N501Y/Y505H
BQ.1.1.35,T19I/G142D/K147E/G339D/R346T/S371F/S373P/S375F/T376A/D405N/R408S/K417N/N440K/K444T/L452R/N460K/S477N/T478K/E484A/F486V/Q498R/N501Y/Y505H
BQ.1.1.36,T19I/G142D/G339D/R346T/S371F/S373P/S375F/T376A/D405N/R408S/K417N
BQ.1.1.39,T19I/G142D/G339D/R346T/S371F/S373P/S375F/T376A/D405N/R408S/K417N/N440K/K444T/L452R/N460K/S477N/T478K/E484A/F486V/Q498R/N501Y/Y505H
BQ.1.1.4,T19I/G142D/G339D/R346T/S371F/S373P/S375F/T376A/D405N/R408S/K417N/N440K/K444T/L452R/N460K/S477N/T478K/E484A/F486V/Q498R/N501Y/Y505H
BQ.1.1.40,T19I/G142D/G339D/R346T/S371F/S373P/S375F/T376A/D405N/R408S/K417N/N440K/K444T/L452R/N460K/S477N/T478K/E484A/F486V/Q498R/N501Y/Y505H
BQ.1.1.41,T19I/G142D/G339D/R346T/S371F/S373P/S375F/T376A/D405N/R408S/K417N/N440K/K444T/L452R/N460K/S477N/T478K/E484A/F486V/Q498R/N501Y/Y505H
BQ.1.1.45,T19I/G142D/Y248D/G339D/R346T/D405N/R408S
BQ.1.1.5,T19I/G142D/G339D/R346T/S371F/S373P/S375F/T376A/D405N/R408S/K417N/N440K/K444T/L452R/N460K/S477N/T478K/E484A/F486V/Q498R/N501Y/Y505H
BQ.1.1.51,T19I/G142D/G339D/R346T/S371F/S373P/S375F/T376A/D405N/R408S/K417N/N440K/K444T/L452R/N460K/S477N/T478K/E484A/F486V/Q498R/N501Y/Y505H
BQ.1.1.52,T19I/G142D/G339D/R346T/S371F/S373P/S375F/T376A/D405N/R408S/K417N/N440K/K444T/L452R/N460K/S477N/T478K/E484A/F486V/Q498R/N501Y/Y505H
BQ.1.1.53,T19I/G142D/G339D/R346T/S371F/S373P/S375F/T376A/D405N/R408S/K417N/N440K/K444T/L452R/N460K/S477N/T478K/E484A/F486V/Q498R/N501Y/Y505H
BQ.1.1.54,T19I/G142D/G339D/R346T/S371F/S373P/S375F/T376A/D405N/R408S/N440K/K444T/L452R/N460K/S477N/T478K/E484A/F486V/Q498R/N501Y/Y505H
BQ.1.1.56,T19I/G142D/G339D/R346T/S371F/S373P/S375F/T376A/D405N/R408S/K417N/N440K/K444T/L452R/N460K/S477N/T478K/E484A/F486V/Q498R/N501Y/Y505H
BQ.1.1.57,T19I/G142D/S256A/G339D/R346T/S371F/S373P/S375F/T376A/D405N/R408S/K417N/N440K/K444T/L452R/N460K/S477N/T478K/E484A/F486V/Q498R/N501Y/Y505H
BQ.1.1.59,T19I/G142D/G339D/R346T/S371F/S373P/S375F/T376A/D405N/R408S/K417N/N440K/K444T/L452R/N460K/S477N/T478K/E484A/F486V/Q498R/N501Y/Y505H
BQ.1.1.6,T19I/G142D/G339D/R346T/S371F/S373P/S375F/T376A/D405N/R408S/N440K/K444T/L452R/N460K/S477N/T478K/E484A/F486V/Q498R/N501Y/Y505H
BQ.1.1.61,T19I/G142D/G339D/R346T/S371F/S373P/S375F/T376A/D405N/R408S/K417N/N440K/K444T/L452R/N460K/S477N/T478K/E484A/F486V/Q498R/N501Y/Y505H
BQ.1.1.62,T19I/G142D/G339D/R346T/S371F/S373P/S375F/T376A/D405N/R408S/K417N/N440K/K444T/L452R/N460K/S477N/T478K/E484A/F486V/Q498R/N501Y/Y505H
BQ.1.1.63,T19I/G142D/Y248H/G339D/R346T/S371F/S373P/S375F/T376A/D405N/R408S/K417N/N440K/K444T/L452R/N460K/S477N/T478K/E484A/F486V/Q498R/N501Y/Y505H
BQ.1.1.65,T19I/G142D/K147I/G339D/R346T/S371F/S373P/S375F/T376A/D405N/R408S/K417N/N440K/K444T/L452R/N460K/S477N/T478K/E484A/F486V/Q498R/N501Y/Y505H
BQ.1.1.67,T19I/G142D/G339D/R346T/S371F/S373P/S375F/T376A/K417N/N440K/K444T/L452R/N460K/S477N/T478K/E484A/F486V
BQ.1.1.69,T19I/G142D/G339D/R346T/S371F/S373P/S375F/T376A/D405N/R408S/K417N/N440K/K444T/L452R/N460K/S477N/T478K/E484A/F486V/Q498R/N501Y/Y505H
BQ.1.1.7,T19I/G142D/G339D/R346T/S371F/S373P/S375F/T376A/D405N/R408S/K417N/N440K/K444T/L452R/N460K/S477N/T478K/E484A/F486V/Q498R/N501Y/Y505H
BQ.1.1.77,T19I/G142D/G339D/R346T/S371F/S373P/S375F/T376A/D405N/R408S/K417N/N440K/K444T/L452R/N460K/S477N/T478K/E484A/F486V/Q498R/N501Y/Y505H
BQ.1.1.8,T19I/G142D/G339D/R346T/S371F/S373P/S375F/T376A/D405N/R408S/K417N/L452R/N460K/S477N/T478K/E484A/F486V/Q498R/N501Y/Y505H
BQ.1.10,T19I/G142D/G339D/S371F/S373P/S375F/T376A/D405N/R408S/K417N/N440K/K444T/L452R/N460K/S477N/T478K/E484A/F486V/Q498R/N501Y/Y505H
BQ.1.10.1,T19I/H146L/G339D/S371F/S373P/S375F/T376A/D405N/R408S/K417N/K444T/L452R/N460K/S477N/T478K/E484A/F486V/Q498R/N501Y/Y505H
BQ.1.10.2,T19I/G142D/G339D/S371F/S373P/S375F/T376A/D405N/R408S/K417N/N440K/K444T/L452R/N460K/S477N/T478K/E484A/F486V/Q498R/N501Y/Y505H/T523N
BQ.1.11,T19I/G142D/G339D/S371F/S373P/S375F/T376A/D405N/R408S/K417N/N440K/K444T/L452R/N460K/S477N/T478K/E484A/F486V/Q498R/N501Y/Y505H
BQ.1.12,T19I/G142D/G339D/S371F/S373P/S375F/T376A/D405N/R408S/K417N/N440K/K444T/L452R/N460K/S477N/T478K/E484A/F486V/Q498R/N501Y/Y505H
BQ.1.13,T19I/G142D/G339D/S371F/S373P/S375F/T376A/D405N/R408S/K417N/N440K/K444T/L452R/N460K/S477N/T478K/E484A/F486V/Q498R/N501Y/Y505H
BQ.1.13.1,T19I/F157L/G339D/S371F/S373P/S375F/T376A/D405N/R408S/K417N/L452R/N460K/S477N/T478K/E484A/F486V/Q498R/N501Y/Y505H
BQ.1.14,T19I/G142D/G339D/S371F/S373P/S375F/T376A/D405N/R408S/K417N/N440K/K444T/L452R/N460K/S477N/T478K/E484A/F486V/Q498R/N501Y/Y505H
BQ.1.15,T19I/G142D/G339D/S371F/S373P/S375F/T376A/D405N/R408S/K417N/N440K/K444T/L452R/N460K/S477N/T478K/E484A/F486V/Q498R/N501Y/Y505H
BQ.1.18,T19I/G142D/G339D/R346T/S371F/S373P/S375F/T376A/D405N/R408S/K417N/N440K/K444T/L452R/N460K/S477N/T478K/E484A/F486V/Q498R/N501Y/Y505H
BQ.1.19,T19I/G142D/G339D/S371F/S373P/S375F/T376A/D405N/R408S/K417N/N440K/K444T/L452R/N460K/S477N/T478K/E484A/F486V/S494P/Q498R/N501Y/Y505H
BQ.1.2,T19I/G142D/G339D/S371F/S373P/S375F/T376A/D405N/R408S/K417N/N440K/K444T/L452R/N460K/S477N/T478K/E484A/F486V/Q498R/N501Y/Y505H
BQ.1.2.1,T19I/G142D/G339D/S371F/S373P/S375F/T376A/D405N/R408S/K417N/N440K/K444T/L452R/N460K/S477N/T478K/E484A/F486V/Q498R/N501Y/Y505H
BQ.1.2.3,T19I/G142D/G339D/S371F/S373P/S375F/T376A/D405N/R408S/K417N/N440K/K444T/L452R/N460K/S477N/T478K/F486V/Q498R/N501Y/Y505H
BQ.1.23,T19I/G142D/G339D/S373P/S375F/T376A/D405N/R408S/N440K/K444T/L452R/N460K/S477N/T478K/E484A/F486V/Q498R/N501Y/Y505H
BQ.1.25,T19I/G142D/G339D/R346T/S371F/S373P/S375F/T376A/D405N/R408S/K417N/L452R/N460K/S477N/T478K/E484A/F486V/Q498R/N501Y/Y505H
BQ.1.3,T19I/G142D/G339D/S371F/S373P/S375F/T376A/D405N/R408S/K417N/N440K/K444T/L452R/N460K/S477N/T478K/E484A/F486V/Q498R/N501Y/Y505H
BQ.1.3.1,T19I/G142D/G339D/S371F/S373P/S375F/T376A/D405N/R408S/K417N/N440K/K444T/L452R/N460K/S477N/T478K/E484A/F486V/Q498R/N501Y/Y505H
BQ.1.3.2,T19I/G142D/G339D/S371F/S373P/S375F/T376A/D405N/R408S/K417N/N440K/K444T/L452R/N460K/S477N/T478K/E484A/F486V/Q498R/N501Y/Y505H
BQ.1.32,T19I/G142D/Y248S/G339D/S371F/S373P/S375F/T376A/D405N/R408S/K417N/N440K/K444T/L452R/N460K/S477N/T478K/E484A/F486V/Q498R/N501Y/Y505H
BQ.1.5,T19I/G142D/G339D/S371F/S373P/S375F/T376A/D405N/R408S/N440K/K444T/L452R/N460K/S477N/T478K/E484A/F486V/Q498R/N501Y/Y505H
BQ.1.6,T19I/G142D/G339D/S371F/S373P/S375F/T376A/D405N/R408S/K417N/N440K/K444T/L452R/N460K/S477N/T478K/E484A/F486V/Q498R/N501Y/Y505H
BQ.1.8,T19I/G142D/G339D/S371F/S373P/S375F/T376A/D405N/R408S/K417N/N440K/K444T/L452R/N460K/S477N/T478K/E484A/F486V/Q498R/N501Y/Y505H
BR.1,T19I/G142D/K147E/W152R/F157L/G257S/G339H/S371F/S373P/S375F/T376A/D405N/R408S/K417N/N440K/K444M/G446S/L452R/N460K/S477N/T478K/E484A/Q498R/N501Y/Y505H
BR.2,T19I/G339H/R346T/G446S/L452R/N460K/S477N/T478K/E484A/F486I/Q498R/N501Y/Y505H
BS.1,C15F/T19I/G142D/G257V/G339D/R346T/S371F/S373P/S375F/T376A/D405N/K417N/N440K/L452R/N460K/G476S/S477N/T478K/E484A/Q498R/N501Y/Y505H
BU.1,T19I/G142D/G339D/S371F/S373P/S375F/T376A/D405N/R408S/K417N/K444M/L452R/N460K/S477N/T478K/E484A/F486V/Q498R/N501Y/Y505H
BW.1,T19I/G142D/G339D/S371F/S373P/S375F/T376A/D405N/R408S/K417N/N440K/K444T/L452R/N460K/S477N/T478K/E484A/F486V/Q498R/N501Y/Y505H
BW.1.1,T19I/G142D/G339D/S371F/S373P/S375F/T376A/D405N/R408S/K417N/N440K/K444T/L452R/N460K/S477N/T478K/E484A/F486A/Q498R/N501Y/Y505H
BW.1.1.1,T19I/G142D/G339D/S371F/S373P/S375F/T376A/D405N/R408S/K417N/N440K/K444T/L452R/N460K/S477N/T478K/E484A/F486A/Q498R/N501Y/Y505H
BW.1.1.2,T19I/G142D/G339D/S371F/S373P/S375F/T376A/D405N/R408S/K417N/N440K/K444T/L452R/N460K/S477N/T478K/E484A/F486A/Q498R/N501Y/Y505H
BW.1.2,T19I/G142D/G339D/R346S/S371F/S373P/S375F/T376A/D405N/R408S/K417N/N440K/K444T/L452R/N460K/S477N/T478K/E484A/F486V/Q498R/N501Y/Y505H
BY.1,T19I
BY.1.1.1,T19I/G142D/K147E/W152R/F157L/G257S/G339H/R346T/S371F/S373P/S375F/T376A/D405N/R408S/K417N/N440K/G446S/L452R/N460K/S477N/T478K/E484A/F486S/Q498R/N501Y/Y505H
CA.1,T19I/G142D/G257S/G339H/R346T/S371F/S373P/S375F/T376A/D405N/R408S/N440K/G446S/L452R/N460K/S477N/T478K/E484A/F486S/Q498R/N501Y/Y505H
CA.3.1,T19I/G142D/K147E/W152R/F157L/G257S/G339H/R346T/S371F/S373P/S375F/T376A/D405N/R408S/K417N/N440K/K444M/G446S/L452R/N460K/S477N/T478K/E484A/F486S/Q498R/N501Y/Y505H
CA.7,T19I/G142D/K147E/W152R/F157L/G257S/G339H/R346T/S371F/S373P/S375F/T376A/D405N/R408S/K417N/N440K/G446S/L452R/N460K/S477N/T478K/E484A/F486S/Q498R/N501Y/Y505H
CD.2,T19I/G142D/G339D/S371F/S373P/S375F/T376A/D405N/R408S/K417N/A435S/N440K/L452R/S477N/T478K/E484A/F486V/Q498R/N501Y/Y505H
CF.1,T19I/G142D/G339D/S371F/S373P/S375F/T376A/P384S/D405N/R408S/K417N/N440K/L452R/S477N/T478K/E484A/F486V/Q498R/N501Y/Y505H
CH.1.1,T19I/G142D/K147E/W152R/F157L/G257S/G339H/R346T/S371F/S373P/S375F/T376A/D405N/R408S/K417N/N440K/K444T/G446S/L452R/N460K/S477N/T478K/E484A/F486S/Q498R/N501Y/Y505H
CH.1.1.1,T19I/K147E/W152R/F157L/G257S/G339H/R346T/S371F/S373P/S375F/T376A/D405N/R408S/N440K/K444T/G446S/L452R/N460K/S477N/T478K/E484A/F486S/Q498R/N501Y/Y505H
CH.1.1.11,T19I/G142D/K147E/W152R/F157L/G257S/G339H/R346T/S371F/S373P/S375F/T376A/D405N/R408S/K417N/N440K/K444T/G446S/L452R/N460K/S477N/T478K/E484A/F486S/Q498R/N501Y/Y505H
CH.1.1.14,T19I/G142D/K147E/W152R/F157L/G257S/G339H/R346T/S371F/S373P/S375F/T376A/D405N/R408S/K417N/N440K/K444T/G446S/L452R/N460K/S477N/T478K/E484A/F486S/Q498R/N501Y/Y505H
CH.1.1.2,T19I/G142D/K147E/W152R/F157L/G257S/G339H/R346T/S371F/S373P/S375F/T376A/D405N/R408S/K417N/N440K/K444T/G446S/L452R/N460K/S477N/T478K/E484A/F486S/Q498R/N501Y/Y505H
CH.1.1.24,T19I/K147E/W152R/F157L/G339H/R346T/S371F/S373P/S375F/T376A/D405N/R408S/N440K/K444T/G446S/L452R/N460K/S477N/T478K/E484A/F486S/Q498R/N501Y/Y505H
CH.1.1.25,T19I/G142D/K147E/W152R/F157L/G257S/G339H/R346T/S371F/S373P/S375F/T376A/D405N/R408S/K417N/N440K/K444T/G446S/L452R/N460K/S477N/T478K/E484A/F486S/Q498R/N501Y/Y505H
CK.1,T19I/G142D/G339D/S371F/S373P/S375F/T376A/D405N/R408S/K417N/N440K/K444N/L452R/N460K/S477N/T478K/E484A/F486V/Q498R/N501Y/Y505H
CK.1.3,T19I/G142D/F157L/G339D/S371F/S373P/S375F/T376A/D405N/R408S/K417N/N440K/K444N/L452R/N460K/S477N/T478K/E484A/F486V/Q498R/N501Y/Y505H
CK.1.4,T19I/G142D/G339D/S371F/S373P/S375F/T376A/D405N/R408S/K417N/N440K/K444N/L452R/N460K/S477N/T478K/E484A/F486V/Q498R/N501Y/Y505H
CK.1.5,T19I/G142D/G339D/S371F/S373P/S375F/T376A/D405N/R408S/N440K/K444N/L452R/N460K/S477N/T478K/E484A/F486V/Q498R/N501Y/Y505H
CK.2.1,T19I/G142D/S255F/G339D/S371F/S373P/S375F/T376A/D405N/R408S/K417N/N440K/K444N/L452R/N460K/S477N/T478K/E484A/F486V/Q498R/N501Y/Y505H
CK.2.1.1,T19I/G142D/S255F/G339D/S371F/S373P/S375F/T376A/D405N/R408S/K417N/N440K/K444N/L452R/N460K/S477N/T478K/E484A/F486V/Q498R/N501Y/Y505H
CK.3,T19I/G142D/G339D/S371F/S373P/S375F/T376A/D405N/R408S/K417N/N440K/K444N/L452R/N460K/S477N/T478K/E484A/F486V/Q498R/N501Y/Y505H
CL.1,T19I/G142D/K150E/G339D/S371F/S373P/S375F/T376A/D405N/R408S
CM.4.1,T19I/G142D/S151N/M153T/H245N/G257D/G339D/S371F/S373P/S375F/T376A/D405N/R408S/K417N/T430I/N440K/K444R/N450D/L452M/N460K/S477N/T478R/E484R/Q498R/N501Y/Y505H
CM.5.2,T19I/G142D/M153T/H245N/G257D/G339D/S371F/S373P/S375F/T376A/D405N/R408S/K417N/N440K/K444R/N450D/L452M/N460K/S477N/T478K/E484R/G485D/Q498R/N501Y/Y505H
CM.8.1,T19I/G142D/H245N/G257D/G339D/S371F/S373P/S375F/T376A/D405N/R408S/N440K/K444R/G446S/N450D/L452M/N460K/S477N/T478K/E484R/F486S/Q498R/N501Y/Y505H
CN.1,T19I/G142D/G339D/S371F/S373P/S375F/T376A/D405N/R408S/K417N/N440K/N450D/L452R/S477N/T478K/E484A/F486V/Q498R/N501Y/Y505H
CQ.2,T19I/G142D/G339D/R346T/S371F/S373P/S375F/T376A/D405N/R408S/K417N/N440K/K444R/V445A/L452R/S477N/T478K/E484A/F486V/Q498R/N501Y/Y505H
CR.1.1,T19I/G142D/G339D/R346T/S371F/S373P/S375F/T376A/D405N/R408S/K417N/N440K/K444R/L452R/S477N/T478K/E484A/F486V/Q498R/N501Y/Y505H
CT.1,T19I/G142D/G339D/K356T/S371F/S373P/S375F/T376A/D405N/R408S/K417N/N440K/K444T/L452R/S477N/T478K/E484A/F486V/Q498R/N501Y/Y505H
CV.1,T19I/G142D/K147E/W152R/F157L/G257S/G339H/R346T/S371F/S373P/S375F/T376A/D405N/R408S/K417N/N440K/G446S/L452R/N460K/S477N/T478K/E484A/F486S/Q498R/N501Y/Y505H
CV.2,T19I/G142D/K147E/W152R/F157L/G257S/G339H/R346T/S371F/S373P/S375F/T376A/D405N/R408S/K417N/N440K/G446S/N460K/S477N/T478K/E484A/F486P/Q498R/N501Y/Y505H
DB.1,T19I/G142D/G339D/R346T/S371F/S373P/S375F/T376A/D405N/R408S/K417N/N440K/K444T/L452R/N460K/S477N/T478K/E484A/F486V/Q498R/N501Y/Y505H
DB.2,T19I/G142D/A262S/G339D/S371F/S373P/S375F/T376A/D405N/R408S/K417N/N440K/K444T/L452R/S477N/T478K/E484A/F486V/Q498R/N501Y/Y505H
DE.1,T19I/G142D/G339D/S371F/S373P/S375F/T376A/D405N/R408S/K417N/L452R/S477N/T478K/E484A/F486V/Q498R/N501Y/Y505H
DF.1,T19I/G142D/F157L/A262S/G339D/R346T/S371F/S373P/S375F/T376A/D405N/R408S/K417N/N440K/L452R/S477N/T478K/E484A/F486V/Q498R/N501Y/Y505H
DF.1.1,T19I/G142D/A262S/G339D/R346T/S371F/S373P/S375F/T376A/D405N/R408S/K417N/N440K/V445A/L452R/S477N/T478K/E484A/F486V/Q498R/N501Y/Y505H
DG.1,T19I/G142D/G252S/S255F/G339D/S371F/S373P/S375F/T376A/D405N/R408S/K417N/N440K/K444N/L452R/N460K/S477N/T478K/E484A/F486V/Q498R/N501Y/Y505H
DJ.1,T19I/G142D/G339D/S371F/S373P/S375F/T376A/D405N/R408S/K417N/N440K/K444N/L452R/S477N/T478K/E484A/F486V/Q498R/N501Y/Y505H
DJ.1.1,T19I/G142D/G339D/N440K/K444N/L452R/N460K/S477N/T478K/E484A/F486V/Q498R/N501Y/Y505H
DL.1,T19I/G142D/G339D/S371F/S373P/S375F/T376A/D405N/R408S/K417N/N440K/K444N/L452R/N460K/S477N/T478K/E484A/F486V/Q498R/N501Y/Y505H
DM.1,T19I/G142D/G339D/R346T/A348S/S371F/S373P/S375F/T376A/D405N/R408S/K417N/N440K/K444T/L452R/N460K/S477N/T478K/E484A/F486V/Q498R/N501Y/Y505H
DN.2,T19I/G142D/G339D/R346T/S371F/S373P/S375F/T376A/D405N/R408S/K417N/N440K/K444T/L452R/N460K/S477N/T478K/E484A/F486V/Q498R/N501Y/Y505H
DT.2,T19I/G142D/M153I/G339D/R346T/S371F/S373P/S375F/T376A/D405N/R408S/K417N/L452R/N460K/S477N/T478K/E484A/F486V/Q498R/N501Y/Y505H
EE.1,T19I/G142D/G339D/R346T/S371F/S373P/S375F/T376A/D405N/R408S/K417N/N440K/K444T/L452R/N460K/S477N/T478K/E484A/F486V/Q498R/N501Y/Y505H
EE.2,T19I/G142D/G339D/R346T/S371F/S373P/S375F/T376A/D405N/R408S/K417N/N440K/K444T/L452R/N460K/S477N/T478K/E484A/F486V/Q498R/N501Y/Y505H
EE.5,T19I/G142D/G339D/S371F/S373P/S375F/T376A/D405N/R408S/L452R/N460K/S477N/T478K/E484A/F486V/Q498R/N501Y/Y505H
EF.1,T19I/G142D/G339D/R346T/S371F/S373P/S375F/T376A/D405N/R408S/N440K/K444T/L452R/N460K/S477N/T478K/E484A/F486V/Q498R/N501Y/Y505H
EF.1.1,T19I/G142D/G339D/R346T/S371F/S373P/S375F/T376A/D405N/R408S/K417N/N440K/K444T/L452R/N460K/S477N/T478K/E484A/F486V/Q498R/N501Y/Y505H
EF.1.1.1,T19I/G142D/F157L/G339D/R346T/S371F/S373P/S375F/T376A/D405N/R408S/K417N/N440K/K444T/L452R/N460K/S477N/T478K/E484A/F486V/Q498R/N501Y/Y505H
EF.1.2,T19I/G142D/G339D/R346T/S371F/S373P/S375F/T376A/D405N/R408S/K417N/N440K/K444T/L452R/N460K/S477N/T478K/E484A/F486V/Q498R/N501Y/Y505H
EF.1.3,T19I/G142D/G339D/R346T/S371F/S373P/S375F/T376A/D405N/R408S/K417N/N440K/K444T/L452R/N460K/S477N/T478K/E484A/F486V/Q498R/N501Y/Y505H
EG.1,T19I/G142D/H146Q/G252V/G339H/R346T/L368I/S371F/S373P/S375F/T376A/D405N/R408S/N440K/V445P/G446S/N460K/S477N/T478R/E484A/F486P/F490S/Q498R/N501Y/Y505H
EG.1.4,T19I/G142D/H146Q/G252V/G339H/R346T/L368I/S371F/S373P/S375F/T376A/D405N/R408S/K417N/N440K/V445P/G446S/N460K/S477N/T478K/E484A/F486P/F490S/Q498R/N501Y/Y505H
EG.2,T19I/H146Q/G252V/G339H/R346T/L368I/S371F/S373P/S375F/T376A/D405N/R408S/K417N/N440K/V445P/G446S/N460K/S477N/T478R/E484A/F486P/F490S/Q498R/N501Y/Y505H
EG.5.1,T19I/G142D/H146Q/G252V/G339H/R346T/L368I/S371F/S373P/S375F/T376A/D405N/R408S/K417N/N440K/V445P/G446S/F456L/N460K/S477N/T478K/E484A/F486P/F490S/Q498R/N501Y/Y505H
EG.5.1.1,T19I/G142D/H146Q/G252V/G339H/R346T/L368I/S371F/S373P/S375F/T376A/D405N/R408S/N440K/V445P/G446S/F456L/N460K/S477N/T478K/E484A/F486P/F490S/Q498R/N501Y/Y505H
EG.5.1.3,T19I/G142D/H146Q/G252V/G339H/R346T/D405N/R408S/K417N/N440K/V445P/G446S/F456L/N460K/S477N/T478K/E484A/F486P/F490S/Q498R/N501Y/Y505H
EG.5.1.4,T19I/G142D/H146Q/G252V/G339H/R346T/L368I/S371F/S373P/S375F/T376A/D405N/R408S/K417N/N440K/V445P/G446S/F456L/N460K/S477N/T478K/E484A/F486P/F490S/Q498R/N501Y/Y505H
EG.5.1.6,T19I/G142D/H146Q/F157L/G252V/G339H/R346T/L368I/D405N/R408S/K417N/N440K/V445P/G446S/F456L/N460K/S477N/T478K/E484A/F486P/F490S/Q498R/N501Y/Y505H
EG.5.2,T19I/G142D/H146Q/G252V/G339H/R346T/L368I/S371F/S373P/S375F/T376A/D405N/R408S/K417N/N440K/V445P/G446S/F456L/N460K/S477N/T478K/E484A/F486P/F490S/Q498R/N501Y/Y505H
EG.6.1,T19I/G142D/H146Q/G252V/G339H/R346T/L368I/S371F/S373P/S375F/T376A/D405N/R408S/N440K/V445P/G446S/F456L/N460K/S477N/T478K/E484A/F486P/F490S/Q498R/N501Y/Y505H
EJ.2,T19I/G142D/K147E/W152R/F157L/G257S/G339H/R346T/K356T/S371F/S373P/S375F/T376A/D405N/R408S/K417N/N440K/G446S/N460K/S477N/T478K/E484A/F490S/Q498R/N501Y/Y505H
EL.1,T19I/G142D/H146Q/G252V/G339H/R346T/L368I/S371F/S375F/T376A/D405N/R408S/K417N/N440K/G446S/N460K/S477N/T478K/F490S/Q498R/N501Y/Y505H
FA.1,T19I/G142D/G339D/R346T/S371F/S373P/S375F/T376A/D405N/R408S/K417N/K444T/L452R/N460K/S477N/T478R/E484A/F486V/Q498R/N501Y/Y505H
FD.1.1,T19I/G142D/H146Q/G252V/G339H/R346T/L368I/S371F/S373P/S375F/T376A/D405N/R408S/N440K/V445P/G446S/F456L/N460K/S477N/T478K/E484A/F486P/F490S/Q498R/N501Y/Y505H
FD.2,T19I/G142D/H146K/G252V/G339H/R346T/L368I/S371F/S373P/S375F/T376A/D405N/R408S/N440K/V445P/G446S/N460K/S477N/T478K/E484A/F486P/F490S/Q498R/N501Y/Y505H
FD.4,T19I/G142D/G252V/G339H/R346T/L368I/S371F/S373P/S375F/T376A/D405N/R408S/K417N/N440K/V445P/G446S/N460K/S477N/T478K/E484A/F486P/F490S/Q498R/N501Y/Y505H
FE.1,T19I/G142D/H146Q
FE.1.2,T19I/G142D/H146Q/G252V/G339H/R346T
FJ.1,G339H/R346T/K356R/S371F/S373P/S375F/T376A/D405N/R408S/K417N/N440K/K444T/G446S/L452R/N460K/S477N/T478K/E484A/F486S/Q498R/N501Y/Y505H
FL.1.5.1,T19I/G142D/H146Q/G252V/G339H/R346T/L368I/S371F/S373P/S375F/T376A/D405N/R408S/N440K/V445P/G446S/F456L/N460K/S477N/T478R/E484A/F486P/F490S/Q498R/N501Y/Y505H
FL.13,T19I/G142D/H146Q/G252V/G339H/R346T/L368I/S371F/S373P/S375F/T376A/D405N/R408S/K417N/N440K/V445P/G446S/N460K/S477N/T478K/E484A/F486P/F490S/Q498R/N501Y/Y505H
FL.15,T19I/H146Q/G252V/G339H/R346T/L368I/S371F/S373P/S375F/T376A/D405N/R408S/K417N/N440K/V445P/G446S/F456L/N460K/S477N/T478K/E484A/F486P/F490S/Q498R/N501Y/Y505H
FL.16,T19I/G142D/H146Q/G252V/G339H/R346T/L368I/S371F/S373P/S375F/T376A/D405N/R408S/K417N/N440K/V445P/G446S/N460K/S477N/T478K/E484A/F486P/F490S/Q498R/N501Y/Y505H
FL.2,T19I/G142D/G339H/R346T/L368I/S371F/S373P/S375F/T376A/D405N/R408S/K417N/N440K/V445P/G446S/N460K/S477N/T478K/E484A/F486P/F490S/Q498R/N501Y/Y505H
FL.20.2,T19I/G142D/H146Q/G252V/G339H/R346T/L368I/S371F/S373P/S375F/T376A/D405N/R408S/N440K/V445P/G446S/F456L/N460K/S477N/T478R/E484A/F486P/F490S/Q498R/N501Y/Y505H
FL.21.2,T19I/G142D/H146Q/G252V/G339H/R346T/N440K/V445P/G446S/N460K/S477N/T478K/E484A/F486P/F490S/Q498R/N501Y/Y505H
FL.3.1,T19I/H146Q/G252V/G339H/R346T/L368I/S371F/S373P/S375F/T376A/D405N/R408S/K417N/N440K/V445P/G446S/N460K/S477N/T478K/E484A/F486P/F490S/Q498R/N501Y/Y505H
FL.4,T19I/G142D/H146Q/G252V/G339H/R346T/L368I/S371F/S373P/S375F/T376A/D405N/R408S/K417N/N440K/V445P/G446S/N460K/S477N/T478K/E484A/F486P/F490S/Q498R/N501Y/Y505H
FL.5,T19I/G142D/H146Q/G252V/G339H/R346T/L368I/S371F/S373P/S375F/T376A/D405N/R408S/K417N/N440K/V445P/G446S/N460K/S477N/T478K/E484A/F486P/F490S/Q498R/N501Y/Y505H
FL.7,T19I/G142D/H146Q/G252V/D405N/R408S/K417N/N440K/V445P/G446S/N460K/S477N/T478K/E484A/F486P/F490S/Q498R/N501Y/Y505H
FT.3,T19I/G142D/H146Q/G252V/G339H/R346T/L368I/S371F/S373P/S375F/T376A/D405N/R408S/K417N/N440K/V445P/G446S/N460K/S477N/E484A/F486P/F490S/Q498R/N501Y/Y505H
FT.3.1,T19I/G142D/H146Q/G252V/G339H/R346T/L368I/S371F/S373P/S375F/T376A/D405N/R408S/K417N/N440K/V445P/G446S/N460K/S477N/T478R/E484A/F486P/F490S/Q498R/N501Y/Y505H
FT.3.1.1,T19I/G142D/H146Q/G252V/G339H/R346T/A348S/L368I/S371F/S373P/S375F/T376A/D405N/R408S/N440K/V445P/G446S/N460K/S477N/T478R/E484A/F486P/F490S/Q498R/N501Y/Y505H
FU.1,T19I/G142D/H146Q/G252V/G339H/R346T/L368I/S371F/S373P/S375F/T376A/D405N/R408S/K417N/N440K/V445P/G446S/N460K/S477N/T478R/E484A/F486P/F490S/Q498R/N501Y/Y505H
FU.2,T19I/G142D/H146Q/G252V/G339H/R346T/L368I/S371F/S373P/S375F/T376A/D405N/R408S/N440K/V445P/G446S/N460K/S477N/T478R/E484A/F486P/F490S/Q498R/N501Y/Y505H
FY.1.2,T19I/G142D/H146Q/G252V/G339H/R346T/L368I/S371F/S373P/S375F/T376A/D405N/R408S/K417N/N440K/V445P/G446S/N460K/S477N/T478K/E484A/F486P/F490S/Q498R/N501Y/Y505H
FY.3.1,T19I/G142D/H146K/D405N/R408S/K417N/N440K/V445P/G446S/N460K/S477N/T478K/E484A/F486P/F490S/Q498R/N501Y/Y505H
FY.5,T19I/G142D/H146Q/G252V/G339H/R346T/L368I/S371F/S373P/S375F/T376A/D405N/R408S/K417N/N440K/V445P/G446S/N460K/S477N/T478R/E484A/F486P/F490S/Q498R/N501Y/Y505H
GB.1,T19I/G142D/H146Q/G252V/G339H/R346T/L368I/S371F/S373P/S375F/T376A/D405N/R408S/K417N/N440K/V445P/G446S/N460K/S477N/T478K/E484A/F486P/F490S/Q498R/N501Y/Y505H/L518V
GD.1,T19I/G142D/H146Q/G252V/G339H/R346T/L368I/S371F/S373P/S375F/T376A/D405N/R408S/K417N/N440K/V445P/G446S/Y453F/N460K/S477N/T478K/E484A/F486S/F490S/Q498R/N501Y/Y505H
GE.1,T19I/G142D/H146Q/D253G/D405N/R408S/K417N/N440K/V445P/G446S/N460K/S477N/T478R/E484A/F486P/F490S/Q498R/N501Y/Y505H
GJ.1.2,T19I/G142D/H146Q/G339H/R346T/L368I/S371F/S373P/S375F/T376A/D405N/R408S/K417N/N440K/V445P/G446S/N460K/S477N/T478K/E484A/F486P/F490S/Q498R/N501Y/Y505H/P521S
GJ.5,T19I/G142D/H146Q/D253G/G339H/R346T/L368I/S371F/S373P/S375F/T376A/D405N/R408S/K417N/N440K/V445P/G446S/N460K/S477N/T478R/E484A/F486P/F490S/Q498R/N501Y/Y505H/P521S
GK.1,T19I/G142D/H146Q/G252V/G339H/R346T/L368I/S371F/S373P/S375F/T376A/D405N/R408S/K417N/N440K/V445P/G446S/L455F/F456L/N460K/S477N/T478K/E484A/F486P/F490S/Q498R/N501Y/Y505H
GK.1.1,T19I/G142D/H146Q/G252V/G339H/R346T/L368I/S371F/S373P/S375F/T376A/D405N/R408S/K417N/N440K/V445P/G446S/L455F/F456L/N460K/S477N/T478K/E484A/F486P/F490S/Q498R/N501Y/Y505H
GN.1,T19I/G142D/H146Q/G252V/G339H/R346T/L368I/S371F/S373P/S375F/T376A/D405N/R408S/K417N/N440K/V445P/G446S/F456L/N460K/S477N/T478K/E484A/F486P/F490S/Q498R/N501Y/Y505H
GN.1.1,T19I/G142D/H146Q/G252V/G339H/R346T/L368I/S371F/S373P/S375F/T376A/D405N/R408S/K417N/N440K/V445P/G446S/F456L/N460K/S477N/T478K/E484A/F486P/F490S/Q498R/N501Y/Y505H
GU.1,T19I/G142D/H146Q/G252V/G339H/R346T/L368I/S371F/S373P/S375F/T376A/D405N/R408S/K417N/N440K/V445P/G446S/N460K/S477N/T478K/N481S/E484A/F486P/F490S/Q498R/N501Y/Y505H
GV.1,T19I/G142D/H146Q/G252V/G339H/R346T/L368I/S371F/S373P/S375F/T376A/D405N/R408S/N440K/V445P/G446S/N460K/S477N/T478R/E484A/F486P/F490S/Q498R/N501Y/Y505H
GY.6,T19I/G142D/H146Q/G252V/D405N/R408S/K417N/N440K/V445P/G446S/N460K/S477N/T478R/E484A/F486P/F490S/Q498R/N501Y/Y505H
GY.7,T19I/G142D/H146Q/G252V/G339H/R346T/L368I/S371F/S373P/S375F/T376A/D405N/R408S/K417N/N440K/V445P/G446S/N460K/S477N/T478R/E484A/F486P/F490S/Q498R/N501Y/Y505H
HF.1.1,T19I/G142D/H146Q/G252V/G339H/R346T/L368I/S371F/S373P/S375F/T376A/D405N/R408S/K417N/N440K/V445P/G446S/N460K/S477N/T478R/E484A/F486P/F490S/Q498R/N501Y/Y505H
HK.7,T19I/G142D/H146Q/N148T/G339H/R346T/L368I/S371F/S373P/S375F/T376A/D405N/R408S/K417N/N440K/V445P/G446S/F456L/N460K/S477N/T478K/E484A/F486P/F490S/Q498R/N501Y/Y505H
HP.1,T19I/G142D/H146Q
HP.1.1,T19I/G142D/H146Q/G252V/G339H/R346T/L368I/S371F/S373P/S375F/T376A/D405N/R408S/K417N/N440K/V445P/G446S/N460K/S477N/T478R/E484A/F486P/F490S/Q498R/N501Y/Y505H
HR.1,T19I/G142D/H146Q/G252V/G339H/R346T/L368I/S371F/S373P/S375F/T376A/D405N/R408S/K417N/N440K/V445P/G446S/N460K/S477N/T478R/E484A/F486P/F490S/Q498R/N501Y/Y505H
HS.1,T19I/G142D/H146Q/G252V/G339H/R346T/L368I/S371F/S373P/S375F/T376A/D405N/R408S/K417N/N440K/V445P/G446S/N460K/S477N/T478R/E484A/F486P/F490S/Q498R/N501Y/Y505H
HS.1.1,T19I/G142D/H146Q/G252V/G339H/R346T/L368I/S371F/S373P/S375F/T376A/D405N/R408S/K417N/N440K/V445P/G446S/F456L/N460K/S477N/T478R/E484A/F486P/F490S/Q498R/N501Y/Y505H
HT.1,T19I/G142D/H146Q/N148T/G252V/G339H/R346T/L368I/S371F/S373P/S375F/T376A/D405N/R408S/N440K/V445P/G446S/N460K/S477N/T478K/E484A/F486P/F490S/Q498R/N501Y/Y505H
HT.2,T19I/G142D/H146Q/G252V/G339H/R346T/L368I/S371F/S373P/S375F/T376A/D405N/R408S/N440K/V445P/G446S/N460K/S477N/T478K/E484A/F486P/F490S/Q498R/N501Y/Y505H
HV.1,T19I/G142D/H146Q/F157L/G252V/G339H/R346T/L368I/S371F/S373P/S375F/T376A/D405N/R408S/N440K/V445P/G446S/L452R/F456L/N460K/S477N/T478K/E484A/F486P/F490S/Q498R/N501Y/Y505H
HY.1,T19I/G142D/H146Q/G252V/G339H/R346T/L368I/S371F/S373P/S375F/T376A/D405N/R408S/K417N/N440K/V445P/G446S/N460K/S477N/T478R/E484A/F486P/F490S/Q498R/N501Y/Y505H
HZ.1,T19I/G142D/H146Q/G252V/G339H/R346T/L368I/S371F/S373P/S375F/T376A/D405N/R408S/K417N/N440K/V445P/G446S/N460K/S477N/T478R/E484A/F486P/F490S/Q498R/N501Y/Y505H/P521T
HZ.2,T19I/G142D/H146Q/G252V/G339H/R346T/L368I/S371F/S373P/S375F/T376A/D405N/R408S/K417N/N440K/V445P/G446S/N460K/S477N/T478K/E484A/F486P/F490S/Q498R/N501Y/Y505H/P521T
JD.2,T19I/G142D/H146Q/G252V/G339H/R346T/L368I/S371F/S373P/S375F/T376A/D405N/R408S/K417N/N440K/V445P/G446S/N460K/S477N/T478K/E484A/F486P/F490S/Q498R/N501Y/Y505H
UNASSIGNED,
XAF,T19I/G142D/G339D/S371F/S373P/S375F/T376A/D405N/R408S/K417N/S477N/T478K/E484A/Q493R/Q498R/N501Y/Y505H
XAG,T19I/G142D/G339D/D405N/S477N/T478K/E484A/Q493R/Q498R/N501Y/Y505H
XAH,T19I/G142D/G339D/S371F/S373P/S375F/T376A/D405N/S477N/T478K/E484A/Q493R/Q498R/N501Y/Y505H
XAM,T19I/G142D/G339D/S371F/S373P/S375F/T376A/D405N/R408S/K417N/S477N/T478K/E484A/Q493R/Q498R/N501Y/Y505H
XAP,T19I/G142D/G339D/S371F/S373P/S375F/T376A/D405N/R408S/K417N/S477N/T478K/E484A/Q493R/Q498R/N501Y/Y505H
XAS,T19I/G142D/G339D/S371F/S373P/S375F/T376A/D405N/R408S/K417N/N440K/L452R/S477N/T478K/E484A/F486V/Q498R/N501Y/Y505H
XAZ,T19I/G142D/G339D/S371F/S373P/S375F/T376A/D405N/R408S/K417N/L452R/S477N/T478K/E484A/F486V/Q498R/N501Y/Y505H
XBB,T19I/G142D/H146Q/G339H/R346T/L368I/S371F/S373P/S375F/T376A/D405N/R408S/K417N/N440K/V445P/G446S/N460K/S477N/T478K/E484A/F486S/F490S/Q498R/N501Y/Y505H
XBB.1,T19I/G142D/H146Q/G339H/R346T/N440K/G446S/N460K/S477N/T478K/F490S/Q498R/N501Y/Y505H
XBB.1.1,T19I/G142D/H146Q/G252V/G339H/R346T/N440K/V445P/G446S/N460K/S477N/T478K/E484A/F486S/F490S/Q498R/N501Y/Y505H
XBB.1.13,T19I/G252V/G339H/R346T
XBB.1.15,T19I/G142D/H146Q/G339H/R346T/L368I/S371F/S373P/S375F/T376A/D405N/R408S/N440K/V445P/G446S/N460K/S477N/T478K/E484A/F486S/F490S/Q498R/N501Y/Y505H
XBB.1.16,T19I/G142D/H146Q/G252V/G339H/R346T/L368I/S371F/S373P/S375F/T376A/D405N/R408S/K417N/N440K/V445P/G446S/N460K/S477N/T478R/E484A/F486P/F490S/Q498R/N501Y/Y505H
XBB.1.16.1,T19I/G142D/H146Q/G252V/G339H/R346T/L368I/S371F/S373P/S375F/T376A/D405N/R408S/N440K/V445P/G446S/N460K/S477N/T478R/E484A/F486P/F490S/Q498R/N501Y/Y505H
XBB.1.16.11,T19I/G142D/H146Q/G252V/G339H/R346T/L368I/S371F/S373P/S375F/T376A/D405N/R408S/K417N/N440K/V445P/G446S/N460K/S477N/T478R/E484A/F486P/F490S/Q498R/N501Y/Y505H/P521T
XBB.1.16.15,T19I/G142D/H146Q/K147N/G252V/G339H/R346T/L368I/S371F/S373P/S375F/T376A/D405N/R408S/K417N/N440K/V445P/G446S/N460K/S477N/T478R/E484A/F486P/F490S/Q498R/N501Y/Y505H
XBB.1.16.18,T19I/G142D/H146Q/G252V/G339H/R346T/L368I/S371F/S373P/S375F/T376A/D405N/R408S/N440K/V445P/G446S/N460K/S477N/T478R/E484A/F486P/F490S/Q498R/N501Y/Y505H
XBB.1.16.19,T19I/G142D/H146Q/G252V/G339H/R346T/L368I/S371F/S373P/S375F/T376A/D405N/R408S/K417N/N440K/V445P/G446S/N460K/S477N/T478R/E484A/F486P/F490S/Q498R/N501Y/Y505H
XBB.1.16.21,T19I/G142D/H146Q/G252V/G339H/R346T/L368I/S371F/S373P/S375F/T376A/D405N/R408S/K417N/N440K/V445P/G446S/N460K/S477N/T478R/E484A/F486P/F490S/Q498R/N501Y/Y505H
XBB.1.16.22,T19I/G142D/H146Q/G252V/G339H/R346T/L368I/S371F/S373P/S375F/T376A/D405N/R408S/K417N/N440K/V445P/G446S/N460K/S477N/T478R/E484A/F486P/F490S/Q498R/N501Y/Y505H
XBB.1.16.6,T19I/G142D/H146Q/G252V/G339H/R346T/L368I/S371F/S373P/S375F/T376A/D405N/R408S/K417N/N440K/V445P/G446S/F456L/N460K/S477N/T478R/E484A/F486P/F490S/Q498R/N501Y/Y505H
XBB.1.16.9,T19I/G142D/H146Q/G252V/G339H/R346T/L368I/S371F/S373P/S375F/T376A/D405N/R408S/N440K/V445P/G446S/F456L/N460K/S477N/T478R/E484A/F486P/F490S/Q498R/N501Y/Y505H
XBB.1.27,T19I/G142D/H146Q/G339H/R346T/S371F/S373P/S375F/T376A/D405N/R408S/K417N/N440K/V445P/G446S/N460K/S477N/T478R/E484A/F486S/F490S/Q498R/N501Y/Y505H
XBB.1.28,T19I/G142D/H146Q/G252V/N440K/V445P/G446S/N460K/S477N/T478K/E484A/F486S/F490S/Q498R/N501Y/Y505H
XBB.1.28.1,T19I/G142D/H146Q/G252V/G339H/R346T
XBB.1.3,T19I/G142D/H146Q/G252V
XBB.1.30,T19I/G142D/H146Q/G339H/R346T/L368I/S371F/S373P/S375F/T376A/D405N/R408S/K417N/N440K/V445P/G446S/N460K/S477N/T478K/E484A/F486S/F490S/Q498R/N501Y/Y505H
XBB.1.4,T19I/G142D/H146Q/G339H/R346T/L368I/S371F/S373P/S375F/T376A/D405N/R408S/K417N/N440K/V445P/G446S/N460K/S477N/T478K/E484A/F486S/F490S/Q498R/N501Y/Y505H
XBB.1.4.1,T19I/H146Q/G252V/G339H/R346T/L368I/S371F/D405N/R408S/K417N/V445P/G446S/N460K/S477N/T478K/E484A/F486S/F490S/Q498R/N501Y/Y505H
XBB.1.41,T19I/G142D/H146Q/G252V/L335S/G339H/R346T/L368I/S371F/S373P/S375F/T376A/R403K/D405N/R408S/K417N/N440K/V445P/G446S/N460K/S477N/T478K/E484A/F486P/F490S/Q498R/N501Y/Y505H
XBB.1.41.1,T19I/G142D/H146Q/G252V/L335S/G339H/R346T/L368I/S371F/S373P/S375F/T376A/R403K/D405N/R408S/N440K/V445P/G446S/N460K/S477N/T478R/E484A/F486P/F490S/Q498R/N501Y/Y505H
XBB.1.42,T19I/G142D/H146Q/G252V/G339H/R346T/L368I/S371F/S373P/S375F/T376A/D405N/R408S/K417N/N440K/V445P/G446S/N460K/S477N/T478K/E484A/F486P/F490S/Q498R/N501Y/Y505H
XBB.1.42.2,T19I/G142D/H146Q/G252V/G339H/R346T/L368I/S371F/S373P/S375F/T376A/D405N/R408S/K417N/N440K/V445P/G446S/N460K/S477N/T478K/E484A/F486P/F490S/Q498R/N501Y/Y505H
XBB.1.45.1,T19I/G142D/H146Q/G339H/R346T/L368I/S371F/S373P/S375F/T376A/D405N/R408S/K417N/N440K/V445P/G446S/N460K/S477N/T478K/E484A/F486P/F490S/Q498R/N501Y/Y505H
XBB.1.5,T19I/G142D/H146Q/G252V/G339H/R346T/L368I/S371F/S373P/S375F/T376A/D405N/R408S/N440K/V445P/G446S/N460K/S477N/T478K/E484A/F486P/F490S/Q498R/N501Y/Y505H
XBB.1.5.1,T19I/G142D/G252V/G339H/R346T/N440K/V445P/G446S/N460K/S477N/E484A/F486P/F490S/Q498R/N501Y/Y505H
XBB.1.5.10,T19I/G142D/H146Q/G252V/G339H/R346T/L368I/S371F/S373P/S375F/T376A/D405N/R408S/N440K/V445P/G446S/F456L/N460K/S477N/T478K/E484A/F486P/F490S/Q498R/N501Y/Y505H
XBB.1.5.100,T19I/G142D/H146Q/G252V/G339H/R346T/L368I/S371F/S373P/S375F/T376A/D405N/R408S/K417N/N440K/V445P/G446S/N460K/S477N/T478K/E484A/F486P/F490S/Q498R/N501Y/Y505H
XBB.1.5.104,T19I/G142D/H146Q/G252V/G339H/R346T/N460K/S477N/T478K/E484A/F486P/F490S/Q498R/N501Y/Y505H
XBB.1.5.11,T19I/G142D/H146Q/G252V/G339H/R346T/L368I/S371F/S373P/S375F/T376A/D405N/R408S/N440K/V445P/G446S/N460K/S477N/T478K/E484A/F486P/F490S/Q498R/N501Y/Y505H
XBB.1.5.12,T19I/G142D/H146Q/G252V/G339H/R346T/S373P/S375F/T376A/D405N/R408S/N440K/V445P/G446S/N460K/S477N/T478K/E484A/F486P/F490S/Q498R/N501Y/Y505H
XBB.1.5.13,T19I/G142D/H146Q/G252V/G339H/R346T/L368I/S371F/S373P/S375F/T376A/D405N/R408S/K417N/N440K/V445P/G446S/N460K/S477N/T478K/E484A/F486P/F490S/Q498R/N501Y/Y505H
XBB.1.5.14,T19I/G142D/H146Q/G252V/G339H/R346T/N440K/V445P/G446S/N460K/S477N/T478K/E484A/F486P/F490S/Q498R/N501Y/Y505H
XBB.1.5.15,T19I/G142D/H146Q/G252V/G339H/R346T/L368I/S371F/S375F/T376A/D405N/R408S/N440K/V445P/G446S/N460K/S477N/T478K/E484A/F486P/F490S/Q498R/N501Y/Y505H
XBB.1.5.16,T19I/G142D/H146Q/G252V/G339H/R346T/L368I/S371F/S373P/S375F/T376A/D405N/R408S/N440K/V445P/G446S/N460K/S477N/T478K/E484A/F486P/F490S/Q498R/N501Y/Y505H
XBB.1.5.17,T19I/G142D/G339H/R346T/L368I/S371F/S373P/S375F/T376A/D405N/R408S/K417N/N440K/V445P/G446S/N460K/S477N/T478K/E484A/F486P/F490S/Q498R/N501Y/Y505H
XBB.1.5.19,T19I/G142D/H146Q/G339H/R346T/L368I/S371F/S373P/S375F/T376A/D405N/R408S/K417N/N440K/V445P/G446S/N460K/S477N/T478K/E484A/F486P/F490S/Q498R/N501Y/Y505H
XBB.1.5.2,G339H/R346T/L368I/S371F/S373P/S375F/T376A/D405N/R408S/K417N/N440K/V445P/G446S/N460K/S477N/T478K/E484A/F486P/F490S/Q498R/N501Y/Y505H
XBB.1.5.20,T19I/G142D/H146Q/G252V/G339H/R346T/L368I/S371F/S373P/S375F/T376A/D405N/R408S/K417N/N440K/V445P/G446S/N460K/S477N/T478K/E484A/F486P/F490S/Q498R/N501Y/Y505H
XBB.1.5.21,T19I/G142D/H146Q/G252V/A260S/G339H/R346T/L368I/S371F/S373P/S375F/T376A/D405N/R408S/K417N/N440K/V445P/G446S/N460K/S477N/T478K/E484A/F486P/F490S/Q498R/N501Y/Y505H
XBB.1.5.24,T19I/G142D/H146Q/G339H/R346T/L368I/S371F/S373P/S375F/T376A/D405N/R408S/N440K/V445P/G446S/N460K/S477N/T478K/E484A/F486P/F490S/Q498R/N501Y/Y505H
XBB.1.5.27,T19I/G142D/H146Q/G339H/R346T/L368I/S371F/S373P/S375F/T376A/S477N/T478R/E484A/F486P/F490S/Q498R/N501Y/Y505H
XBB.1.5.28,T19I/G142D/H146Q/G252V/G339H/R346T/L368I/S371F/S373P/S375F/T376A/D405N/R408S/K417N/N440K/V445P/G446S/N460K/S477N/T478R/E484A/F486P/F490S/Q498R/N501Y/Y505H
XBB.1.5.3,T19I/G142D/H146Q/G252V/G339H/R346T/L368I/S371F/S373P/S375F/T376A/D405N/R408S/A411S/K417N/N440K/V445P/G446S/N460K/S477N/T478K/E484A/F486P/F490S/Q498R/N501Y/Y505H
XBB.1.5.31,T19I/G142D/H146Q/G252V/G339H/R346T/L368I/S371F/S373P/S375F/T376A/D405N/R408S/K417N/N440K/V445P/G446S/N460K/S477N/T478K/E484A/F486P/F490S/Q498R/N501Y/Y505H
XBB.1.5.32,T19I/G142D/H146Q/G252V/G339H/R346T/N440K/V445P/G446S/N460K/Q498R/N501Y/Y505H
XBB.1.5.33,T19I/G142D/H146Q/G252V/R346T
XBB.1.5.34,T19I/G142D/H146Q/G252V/G339H/R346T/L368I/S371F/S373P/S375F/T376A/D405N/R408S/K417N/N440K/V445P/G446S/N460K/S477N/T478K/E484A/F486P/F490S/Q498R/N501Y/Y505H
XBB.1.5.35,T19I/G142D/H146Q/G252V/G339H/R346T/L368I/S371F/S373P/S375F/T376A/D405N/R408S/N440K/V445P/G446S/N460K/S477N/T478K/E484A/F486P/F490S/Q498R/N501Y/Y505H
XBB.1.5.36,T19I/G142D/H146Q/G252V
XBB.1.5.39,T19I/G142D/H146Q/G252V/G339H/R346T/L368I/S371F/S373P/S375F/T376A/D405N/R408S/N440K/V445P/G446S/N460K/S477N/T478K/E484A/F486P/F490S/Q498R/N501Y/Y505H
XBB.1.5.4,T19I/G142D/H146Q/G252V
XBB.1.5.40,T19I/G142D/H146Q/G252V/G339H/R346T/L368I/S371F/S373P/S375F/T376A/D405N/R408S/N440K/V445P/G446S/N460K/S477N/E484A/F486P/F490S/Q498R/N501Y/Y505H
XBB.1.5.41,T19I/G142D/H146Q/G252V/G339H/R346T/L368I/S371F/S373P/S375F/T376A/D405N/R408S/N440K/V445P/G446S/N460K/Q498R/N501Y/Y505H/P521T
XBB.1.5.43,T19I/G142D/H146Q/G252V/G339H/R346T
XBB.1.5.47,T19I/G142D/H146Q/G252V/G339H/Y505H
XBB.1.5.48,T19I/G142D/H146Q/G252V/G339H/R346T/L368I/S371F/S373P/S375F/T376A/D405N/R408S/N440K/V445P/G446S/N460K/S477N/E484A/F486P/F490S/Q498R/N501Y/Y505H
XBB.1.5.49,T19I/G142D/H146Q/G252V/G339H/R346T/L368I/S371F/S373P/S375F/T376A/D405N/R408S/N440K/V445P/G446S/N460K/S477N/T478K/E484A/F486P/F490S/Q498R/N501Y/Y505H
XBB.1.5.51,T19I/G142D/H146Q/G252V/G339H/R346T/L368I/S371F/S373P/S375F/T376A/D405N/R408S/K417N/N440K/V445P/G446S/N460K/S477N/T478R/E484A/F486P/F490S/Q498R/N501Y/Y505H
XBB.1.5.52,T19I/G142D/H146Q/G252V/G339H/R346T/N440K/V445P/G446S/N460K/E484A/F486P/F490S/Q498R/N501Y/Y505H
XBB.1.5.55,T19I/G142D/H146Q/G252V
XBB.1.5.59,T19I/G142D/H146Q/G252V/G339H/R346T/L368I/S371F/S373P/S375F/T376A/D405N/R408S/K417N/N440K/V445P/G446S/F456L/N460K/S477N/T478K/E484A/F486P/F490S/Q498R/N501Y/Y505H
XBB.1.5.61,T19I/G142D/H146Q/G339H/R346T/L368I/S373P/S375F/T376A/D405N/R408S/N440K/V445P/G446S/N460K/S477N/T478K/E484A/F486P
XBB.1.5.62,T19I/G142D/H146Q/G339H/R346T/N440K/V445P/G446S/N460K/S477N/T478K/E484A/F486P/F490S/Q498R/N501Y/Y505H
XBB.1.5.63,T19I/G142D/G252V/G339H/R346T/D405N/R408S/N440K/G446S/N460K/S477N/T478K/F490S/Q498R/N501Y/Y505H
XBB.1.5.65,G339H/R346T/L368I/S371F/S375F/T376A/D405N/R408S/K417N/N440K/G446S/N460K/S477N/T478K/F490S/Q498R/N501Y/Y505H
XBB.1.5.66,T19I/G142D/H146Q/G252V/G339H/R346T/L368I/S371F/S373P/S375F/T376A/D405N/R408S/K417N/N440K/V445P/G446S/N460K/S477N/T478K/E484A/F486P/F490S/Q498R/N501Y/Y505H
XBB.1.5.67,G339H/R346T/L368I/S371F/S373P/S375F/T376A/D405N/R408S/K417N/N440K/V445P/G446S/N460K/S477N/T478K/E484A/F486P/F490S/Q498R/N501Y/Y505H
XBB.1.5.69,T19I/G142D/H146Q/G252V/G339H/R346T/L368I/S371F/S375F/T376A/D405N/R408S/N440K/V445P/G446S/N460K/S477N/T478K/E484A/F486P/F490S/Q498R/N501Y/Y505H
XBB.1.5.7,T19I/G142D/H146Q/G339H/R346T/L368I/S371F/S373P/S375F/T376A/D405N/R408S/K417N/N440K/V445P/G446S/N460K/S477N/T478K/E484A/F486P/F490S/Q498R/N501Y/Y505H
XBB.1.5.72,T19I/G142D/H146Q/G252V/G339H/R346T/L368I/S371F/S373P/S375F/T376A/D405N/R408S/K417N/N440K/V445P/G446S/F456L/N460K/S477N/T478K/E484A/F486P/F490S/Q498R/N501Y/Y505H
XBB.1.5.73,T19I/G142D/H146Q/G252V/G339H/R346T/D405N/R408S/K417N/N440K/V445P/G446S/N460K/S477N/T478K/E484A/F486P/F490S/Q498R/N501Y/Y505H
XBB.1.5.75,T19I/G142D/H146Q/G252V/G339H/R346T/L368I/S371F/S373P/S375F/T376A/D405N/R408S/K417N/N440K/V445P/G446S/N460K/S477N/T478K/E484A/F486P/F490S/Q498R/N501Y/Y505H
XBB.1.5.76,T19I/G142D/G252V/G339H/R346T/V445P/G446S/N460K/S477N/T478K/E484A/F486P/F490S/Q498R/N501Y/Y505H
XBB.1.5.77,T19I/G142D/H146Q/G252V/G339H/R346T/L368I/S371F/S373P/S375F/T376A/D405N/R408S/K417N/N440K/V445P/G446S/N460K/S477N/T478K/E484A/F486P/F490S/Q498R/N501Y/Y505H
XBB.1.5.78,T19I/G142D/H146Q/G252V/G339H/R346T/L368I/D405N/R408S/N440K/G446S/N460K/S477N/T478K/F490S/Q498R/N501Y/Y505H
XBB.1.5.79,T19I/G142D/H146Q/G339H/R346T/N440K/G446S/N460K/S477N/T478K/F490S/Q498R/N501Y/Y505H
XBB.1.5.8,T19I/G142D/H146Q/G252V/G339H/R346T/L368I/S371F/S373P/S375F/T376A/D405N/R408S/N440K/V445P/G446S/N460K/S477N/T478K/E484A/F486P/F490S/Q498R/N501Y/Y505H
XBB.1.5.80,T19I/G142D/H146Q/G252V/G339H/R346T/L368I/S371F/S373P/S375F/T376A/D405N/R408S/K417N/N440K/V445P/G446S/N460K/S477N/T478K/E484A/F486P/F490S/Q498R/N501Y/Y505H
XBB.1.5.91,T19I/H146Q/G252V/G339H/R346T/L368I/S371F/S373P/S375F/T376A/D405N/R408S/N440K/V445P/G446S/N460K/S477N/T478K/E484A/F486P/F490S/Q498R/N501Y/Y505H
XBB.1.5.92,T19I/G142D/H146Q/G252V/G339H/R346T/V445P/G446S/N460K/S477N/T478K/E484A/F486P/F490S/Q498R/N501Y/Y505H
XBB.1.5.95,T19I/G142D/H146Q/G252V/G339H/R346T/L368I/S371F/S373P/S375F/T376A/D405N/R408S/K417N/N440K/V445P/G446S/N460K/S477N/T478K/E484A/F486P/F490S/Q498R/N501Y/Y505H
XBB.1.5.96,T19I/G142D/H146Q/G252V/G339H/R346T/S371F/S373P/S375F/T376A/D405N/R408S/N440K/V445P/G446S/N460K/S477N/T478K/E484A/F486P/F490S/Q498R/N501Y/Y505H
XBB.1.6,T19I/G142D/H146K/G339H/R346T/L368I/S371F/S373P/S375F/T376A/D405N/R408S/N440K/V445P/G446S/N460K/S477N/T478K/E484A/F486S/F490S/Q498R/N501Y/Y505H
XBB.1.9,T19I/G142D/H146Q/G339H/R346T
XBB.1.9.1,T19I/G142D/H146Q/G252V/G339H/R346T/L368I/S371F/S373P/S375F/T376A/D405N/R408S/K417N/N440K/V445P/G446S/N460K/S477N/T478K/E484A/F486P/F490S/Q498R/N501Y/Y505H
XBB.1.9.3,T19I/G142D/H146Q/G252V/G339H/R346T/L368I/S371F/S373P/S375F/T376A/D405N/R408S/K417N/N440K/V445P/G446S/N460K/S477N/T478K/E484A/F486S/F490S/Q498R/N501Y/Y505H
XBB.2,T19I/G142D/H146Q/G339H/R346T/L368I/S371F/S373P/S375F/T376A/D405N/R408S/K417N/N440K/V445P/G446S/N460K/S477N/T478K/E484A/F486S/F490S/Q498R/N501Y/Y505H
XBB.2.11.1,T19I/G142D/H146Q/G339H/R346T/N440K/G446S/N460K/S477N/E484A/F486S/Q498R/N501Y/Y505H
XBB.2.2,T19I/G142D/H146Q/G339H/R346T/L368I/S371F/S373P/S375F/T376A/D405N/R408S/N440K/V445P/G446S/N460K/S477N/T478K/E484A/F486S/F490S/Q498R/N501Y/Y505H
XBB.2.3,T19I/G142D/H146Q/D253G/G339H/R346T/L368I/S371F/S373P/S375F/T376A/D405N/R408S/K417N/N440K/V445P/G446S/N460K/S477N/T478K/E484A/F486P/F490S/Q498R/N501Y/Y505H
XBB.2.3.11,T19I/G142D/H146Q/D253G/G339H/R346T/L368I/S371F/S373P/S375F/T376A/D405N/R408S/N440K/V445P/G446S/N460K/S477N/T478R/E484A/F486P/F490S/Q498R/N501Y/Y505H/P521S
XBB.2.3.2,T19I/G142D/H146Q/D253G/G339H/R346T/L368I/S371F/S373P/D405N/R408S/N440K/V445P/G446S/N460K/S477N/T478K/E484A/F486P/F490S/Q498R/N501Y/Y505H
XBB.2.3.6,T19I/G142D/H146Q/D253G/G339H/R346T/L368I/S371F/S373P/S375F/T376A/D405N/R408S/K417N/N440K/V445P/G446S/N460K/S477N/T478K/E484A/F486P/F490S/Q498R/N501Y/Y505H/P521S
XBB.2.5,T19I/G142D/H146Q/D253G/G339H/R346T/G446S/N460K/E484A/F486S/F490S/Q498R/N501Y/Y505H
XBB.2.6,T19I/G142D/H146Q/G339H/R346T/L368I/S371F/S373P/S375F/T376A/D405N/R408S/N440K/V445P/G446S/N460K/S477N/T478K/E484A/F486S/F490S/Q498R/N501Y/Y505H
XBB.2.7,T19I/G142D/H146Q/D253G/G339H/R346T/L368I/S371F/S373P/S375F/T376A/D405N/R408S/K417N/N440K/V445P/G446S/N460K/S477N/T478K/E484A/F486S/F490S/Q498R/N501Y/Y505H
XBB.3,T19I/G142D/H146Q/G339H/R346T/L368I/S371F/S373P/S375F/T376A/D405N/K417N/N440K/V445P/G446S/N460K/S477N/T478K/E484A/F486S/F490S/Q498R/N501Y/Y505H
XBB.8,T19I/G142D/H146Q/G339H/R346T/L368I/S371F/S373P/S375F/T376A/D405N/R408S/K417N/N440K/V445P/G446S/N460K/S477N/T478K/E484A/F486S/F490S/Q498R/N501Y/Y505H
XBD,T19I/G142D/K147E/W152R/F157L/G257S/G339H/R346T/S371F/S373P/S375F/T376A/D405N/R408S/K417N/N440K/G446S/N460K/S477N/T478K/E484A/F486S/Q498R/N501Y/Y505H
XBF,T19I/K147E/W152R/F157L/G257S/G339H/R346T/S371F/S373P/S375F/T376A/D405N/R408S/K417N/G446S
XCG,T19I/G142D/H146Q/G339H/R346T/L368I/S371F/S373P/S375F/T376A/D405N/R408S/K417N/N440K/V445P/G446S/N460K/S477N/T478K/E484A/F486S/F490S/Q498R/N501Y/Y505H
XZ,T19I/G142D/G339D/S373P/S375F/T376A/D405N/S477N/T478K/E484A/Q493R/Q498R/N501Y/Y505H
nan,T19I/G142D/G339D/S371F/S373P/S375F/T376A/D405N/R408S/K417N/N440K/S477N/T478K/E484A/Q493R/Q498R/N501Y/Y505H
